TimeStamp, Temperature
2013-05-23 10:48:46, 21
2013-05-23 10:48:47, 21
2013-05-23 10:48:48, 21
2013-05-23 10:48:49, 21
2013-05-23 10:48:50, 21
2013-05-23 10:48:51, 21
2013-05-23 10:48:52, 21
2013-05-23 10:48:53, 21
2013-05-23 10:48:54, 21
2013-05-23 10:48:55, 21
2013-05-23 10:48:56, 21
2013-05-23 10:48:57, 21
2013-05-23 10:48:58, 21
2013-05-23 10:48:59, 21
2013-05-23 10:49:00, 21
2013-05-23 10:49:01, 21
2013-05-23 10:49:02, 21
2013-05-23 10:49:03, 21
2013-05-23 10:49:04, 21
2013-05-23 10:49:05, 21
2013-05-23 10:49:06, 21
2013-05-23 10:49:07, 21
2013-05-23 10:49:08, 21
2013-05-23 10:49:09, 21
2013-05-23 10:49:10, 21
2013-05-23 10:49:11, 21
2013-05-23 10:49:12, 21
2013-05-23 10:49:13, 21
2013-05-23 10:49:14, 21
2013-05-23 10:49:15, 21
2013-05-23 10:49:17, 21
2013-05-23 10:49:18, 21
2013-05-23 10:49:19, 21
2013-05-23 10:49:20, 21
2013-05-23 10:49:21, 21
2013-05-23 10:49:22, 21
2013-05-23 10:49:23, 21
2013-05-23 10:49:24, 21
2013-05-23 10:49:25, 21
2013-05-23 10:49:26, 21
2013-05-23 10:49:27, 21
2013-05-23 10:49:28, 21
2013-05-23 10:49:29, 21
2013-05-23 10:49:30, 21
2013-05-23 10:49:31, 21
2013-05-23 10:49:32, 21
2013-05-23 10:49:33, 21
2013-05-23 10:49:34, 21
2013-05-23 10:49:35, 20
2013-05-23 10:49:36, 21
2013-05-23 10:49:37, 20
2013-05-23 10:49:38, 20
2013-05-23 10:49:39, 20
2013-05-23 10:49:40, 20
2013-05-23 10:49:41, 20
2013-05-23 10:49:42, 20
2013-05-23 10:49:43, 20
2013-05-23 10:49:44, 20
2013-05-23 10:49:45, 20
2013-05-23 10:49:46, 20
2013-05-23 10:49:47, 20
2013-05-23 10:49:48, 20
2013-05-23 10:49:49, 20
2013-05-23 10:49:50, 20
2013-05-23 10:49:51, 20
2013-05-23 10:49:52, 20
2013-05-23 10:49:53, 20
2013-05-23 10:49:54, 20
2013-05-23 10:49:55, 20
2013-05-23 10:49:56, 20
2013-05-23 10:49:57, 20
2013-05-23 10:49:58, 20
2013-05-23 10:49:59, 20
2013-05-23 10:50:00, 20
2013-05-23 10:50:01, 20
2013-05-23 10:50:02, 20
2013-05-23 10:50:03, 20
2013-05-23 10:50:04, 20
2013-05-23 10:50:05, 20
2013-05-23 10:50:06, 20
2013-05-23 10:50:07, 20
2013-05-23 10:50:08, 20
2013-05-23 10:50:09, 20
2013-05-23 10:50:10, 20
2013-05-23 10:50:11, 20
2013-05-23 10:50:12, 20
2013-05-23 10:54:54, 21
2013-05-23 10:54:55, 21
2013-05-23 10:54:56, 21
2013-05-23 10:54:57, 21
2013-05-23 10:54:58, 21
2013-05-23 10:54:59, 21
2013-05-23 10:55:00, 21
2013-05-23 10:55:01, 21
2013-05-23 10:55:02, 21
2013-05-23 10:55:03, 21
2013-05-23 10:55:04, 21
2013-05-23 10:55:05, 21
2013-05-23 10:55:06, 21
2013-05-23 10:55:07, 21
2013-05-23 10:55:08, 21
2013-05-23 10:55:09, 21
2013-05-23 10:55:10, 21
2013-05-23 10:55:11, 21
2013-05-23 10:55:12, 21
2013-05-23 10:55:13, 21
2013-05-23 10:55:14, 21
2013-05-23 10:59:34, 21
2013-05-23 10:59:35, 21
2013-05-23 10:59:36, 21
2013-05-23 10:59:37, 21
2013-05-23 10:59:38, 21
2013-05-23 10:59:39, 21
2013-05-23 10:59:40, 21
2013-05-23 10:59:41, 21
2013-05-23 10:59:42, 21
2013-05-23 10:59:43, 21
2013-05-23 10:59:44, 21
2013-05-23 10:59:45, 21
2013-05-23 10:59:46, 21
2013-05-23 10:59:47, 21
2013-05-23 10:59:48, 21
2013-05-23 10:59:49, 21
2013-05-23 10:59:50, 21
2013-05-23 10:59:51, 21
2013-05-23 10:59:52, 21
2013-05-23 10:59:53, 21
2013-05-23 10:59:54, 21
2013-05-23 10:59:55, 21
2013-05-23 10:59:56, 21
2013-05-23 10:59:57, 21
2013-05-23 10:59:58, 22
2013-05-23 10:59:59, 23
2013-05-23 11:00:00, 24
2013-05-23 11:00:01, 24
2013-05-23 11:00:02, 22
2013-05-23 11:00:03, 22
2013-05-23 11:00:04, 22
2013-05-23 11:00:05, 21
2013-05-23 11:00:06, 21
2013-05-23 11:00:07, 21
2013-05-23 11:00:08, 21
2013-05-23 11:00:09, 21
2013-05-23 11:00:10, 21
2013-05-23 11:00:11, 21
2013-05-23 11:00:12, 21
2013-05-23 11:00:13, 22
2013-05-23 11:00:14, 24
2013-05-23 11:00:15, 23
2013-05-23 11:00:16, 22
2013-05-23 11:00:17, 22
2013-05-23 11:00:18, 23
2013-05-23 11:00:19, 23
2013-05-23 11:00:20, 24
2013-05-23 11:00:21, 24
2013-05-23 11:00:22, 24
2013-05-23 11:00:23, 24
2013-05-23 11:00:24, 25
2013-05-23 11:00:25, 25
2013-05-23 11:00:26, 25
2013-05-23 11:00:27, 25
2013-05-23 11:00:28, 25
2013-05-23 11:00:29, 25
2013-05-23 11:00:30, 25
2013-05-23 11:00:31, 25
2013-05-23 11:00:32, 25
2013-05-23 11:00:33, 25
2013-05-23 11:00:34, 24
2013-05-23 11:00:35, 23
2013-05-23 11:00:36, 23
2013-05-23 11:00:37, 23
2013-05-23 11:00:38, 23
2013-05-23 11:00:39, 22
2013-05-23 11:00:40, 22
2013-05-23 11:00:41, 22
2013-05-23 11:00:42, 22
2013-05-23 11:00:43, 22
2013-05-23 11:00:44, 22
2013-05-23 11:00:45, 22
2013-05-23 11:00:46, 22
2013-05-23 11:00:47, 22
2013-05-23 11:00:48, 22
2013-05-23 11:00:49, 22
2013-05-23 11:00:50, 22
2013-05-23 11:00:51, 22
2013-05-23 11:00:52, 22
2013-05-23 11:00:53, 22
2013-05-23 11:00:54, 22
2013-05-23 11:00:55, 22
2013-05-23 11:00:56, 22
2013-05-23 11:00:57, 22
2013-05-23 11:00:58, 22
2013-05-23 11:00:59, 22
2013-05-23 11:01:00, 22
2013-05-23 11:01:01, 22
2013-05-23 11:01:02, 22
2013-05-23 11:01:03, 22
2013-05-23 11:01:04, 22
2013-05-23 11:01:05, 22
2013-05-23 11:01:06, 22
2013-05-23 11:01:07, 22
2013-05-23 11:01:08, 22
2013-05-23 11:01:09, 22
2013-05-23 11:01:10, 22
2013-05-23 11:01:11, 22
2013-05-23 11:01:12, 22
2013-05-23 11:01:14, 22
2013-05-23 11:01:15, 22
2013-05-23 11:01:16, 22
2013-05-23 11:01:17, 22
2013-05-23 11:01:18, 22
2013-05-23 11:01:19, 22
2013-05-23 11:01:20, 22
2013-05-23 11:01:21, 22
2013-05-23 11:01:22, 22
2013-05-23 11:01:23, 22
2013-05-23 11:01:24, 22
2013-05-23 11:01:25, 22
2013-05-23 11:01:26, 22
2013-05-23 11:01:27, 22
2013-05-23 11:01:28, 22
2013-05-23 11:01:29, 22
2013-05-23 11:01:30, 22
2013-05-23 11:01:31, 21
2013-05-23 11:01:32, 22
2013-05-23 11:01:33, 22
2013-05-23 11:01:34, 21
2013-05-23 11:01:35, 21
2013-05-23 11:01:36, 21
2013-05-23 11:01:37, 22
2013-05-23 11:01:38, 21
2013-05-23 11:01:39, 21
2013-05-23 11:01:40, 21
2013-05-23 11:01:41, 21
2013-05-23 11:01:42, 21
2013-05-23 11:01:43, 21
2013-05-23 11:01:44, 21
2013-05-23 11:01:45, 21
2013-05-23 11:01:46, 21
2013-05-23 11:01:47, 21
2013-05-23 11:01:48, 21
2013-05-23 11:01:49, 21
2013-05-23 11:01:50, 21
2013-05-23 11:01:51, 21
2013-05-23 11:01:52, 21
2013-05-23 11:01:53, 21
2013-05-23 11:01:54, 21
2013-05-23 11:01:55, 21
2013-05-23 11:01:56, 21
2013-05-23 11:01:57, 21
2013-05-23 11:01:58, 21
2013-05-23 11:01:59, 21
2013-05-23 11:02:00, 21
2013-05-23 11:02:01, 21
2013-05-23 11:02:02, 21
2013-05-23 11:02:03, 21
2013-05-23 11:02:04, 21
2013-05-23 11:02:05, 21
2013-05-23 11:02:06, 21
2013-05-23 11:02:07, 21
2013-05-23 11:02:08, 21
2013-05-23 11:02:09, 21
2013-05-23 11:02:10, 21
2013-05-23 11:02:11, 21
2013-05-23 11:02:12, 21
2013-05-23 11:02:13, 21
2013-05-23 11:02:14, 21
2013-05-23 11:02:15, 21
2013-05-23 11:02:16, 21
2013-05-23 11:02:17, 21
2013-05-23 11:02:18, 21
2013-05-23 11:02:19, 21
2013-05-23 11:02:20, 21
2013-05-23 11:02:21, 21
2013-05-23 11:02:22, 21
2013-05-23 11:02:23, 21
2013-05-23 11:02:24, 21
2013-05-23 11:02:25, 21
2013-05-23 11:02:26, 21
2013-05-23 11:02:27, 21
2013-05-23 11:02:28, 21
2013-05-23 11:02:29, 21
2013-05-23 11:02:30, 21
2013-05-23 11:02:31, 21
2013-05-23 11:02:32, 21
2013-05-23 11:02:33, 21
2013-05-23 11:02:34, 21
2013-05-23 11:02:35, 21
2013-05-23 11:02:36, 21
2013-05-23 11:02:37, 21
2013-05-23 11:02:38, 21
2013-05-23 11:02:39, 21
2013-05-23 11:02:40, 21
2013-05-23 11:02:41, 21
2013-05-23 11:02:42, 21
2013-05-23 11:02:43, 21
2013-05-23 11:02:44, 21
2013-05-23 11:02:45, 21
2013-05-23 11:02:46, 21
2013-05-23 11:02:47, 21
2013-05-23 11:02:48, 21
2013-05-23 11:02:49, 21
2013-05-23 11:02:50, 21
2013-05-23 11:02:51, 21
2013-05-23 11:02:52, 21
2013-05-23 11:02:53, 21
2013-05-23 11:02:54, 21
2013-05-23 11:02:55, 21
2013-05-23 11:02:56, 21
2013-05-23 11:02:57, 21
2013-05-23 11:02:58, 21
2013-05-23 11:02:59, 21
2013-05-23 11:03:00, 21
2013-05-23 11:03:01, 21
2013-05-23 11:03:02, 21
2013-05-23 11:03:03, 21
2013-05-23 11:03:04, 21
2013-05-23 11:03:05, 21
2013-05-23 11:03:06, 21
2013-05-23 11:03:07, 21
2013-05-23 11:03:08, 21
2013-05-23 11:03:09, 21
2013-05-23 11:03:10, 21
2013-05-23 11:03:11, 21
2013-05-23 11:03:12, 21
2013-05-23 11:03:13, 21
2013-05-23 11:03:14, 21
2013-05-23 11:03:15, 21
2013-05-23 11:03:16, 21
2013-05-23 11:03:17, 21
2013-05-23 11:03:18, 21
2013-05-23 11:03:19, 21
2013-05-23 11:03:20, 21
2013-05-23 11:03:21, 21
2013-05-23 11:03:22, 21
2013-05-23 11:03:23, 21
2013-05-23 11:03:24, 21
2013-05-23 11:03:25, 21
2013-05-23 11:03:26, 21
2013-05-23 11:03:27, 21
2013-05-23 11:03:28, 21
2013-05-23 11:03:29, 21
2013-05-23 11:03:30, 21
2013-05-23 11:03:31, 21
2013-05-23 11:03:32, 21
2013-05-23 11:03:33, 21
2013-05-23 11:03:34, 21
2013-05-23 11:03:35, 21
2013-05-23 11:03:37, 21
2013-05-23 11:03:38, 21
2013-05-23 11:03:39, 21
2013-05-23 11:03:40, 21
2013-05-23 11:03:41, 21
2013-05-23 11:03:42, 21
2013-05-23 11:03:43, 21
2013-05-23 11:03:44, 21
2013-05-23 11:03:45, 21
2013-05-23 11:03:46, 21
2013-05-23 11:03:47, 21
2013-05-23 11:03:48, 21
2013-05-23 11:03:49, 21
2013-05-23 11:03:50, 21
2013-05-23 11:03:51, 21
2013-05-23 11:03:52, 20
2013-05-23 11:03:53, 21
2013-05-23 11:03:54, 20
2013-05-23 11:03:55, 20
2013-05-23 11:03:56, 20
2013-05-23 11:03:57, 20
2013-05-23 11:03:58, 20
2013-05-23 11:03:59, 20
2013-05-23 11:04:00, 20
2013-05-23 11:04:01, 20
2013-05-23 11:04:02, 21
2013-05-23 11:04:03, 21
2013-05-23 11:04:04, 20
2013-05-23 11:04:05, 20
2013-05-23 11:04:06, 20
2013-05-23 11:04:07, 20
2013-05-23 11:04:08, 20
2013-05-23 11:04:09, 20
2013-05-23 11:04:10, 20
2013-05-23 11:04:11, 20
2013-05-23 11:04:12, 20
2013-05-23 11:04:13, 21
2013-05-23 11:04:14, 21
2013-05-23 11:04:15, 21
2013-05-23 11:04:16, 21
2013-05-23 11:04:17, 21
2013-05-23 11:04:18, 21
2013-05-23 11:04:19, 21
2013-05-23 11:04:20, 21
2013-05-23 11:04:21, 21
2013-05-23 11:04:22, 21
2013-05-23 11:04:23, 21
2013-05-23 11:04:24, 21
2013-05-23 11:04:25, 21
2013-05-23 11:04:26, 21
2013-05-23 11:04:27, 21
2013-05-23 11:04:28, 21
2013-05-23 11:04:29, 21
2013-05-23 11:04:30, 21
2013-05-23 11:04:31, 21
2013-05-23 11:04:32, 21
2013-05-23 11:04:33, 21
2013-05-23 11:04:34, 21
2013-05-23 11:04:35, 21
2013-05-23 11:04:36, 21
2013-05-23 11:04:37, 21
2013-05-23 11:04:38, 21
2013-05-23 11:04:39, 21
2013-05-23 11:04:40, 21
2013-05-23 11:04:41, 21
2013-05-23 11:04:42, 21
2013-05-23 11:04:43, 21
2013-05-23 11:04:44, 21
2013-05-23 11:04:45, 21
2013-05-23 11:04:46, 21
2013-05-23 11:04:47, 21
2013-05-23 11:04:48, 21
2013-05-23 11:04:49, 21
2013-05-23 11:04:50, 21
2013-05-23 11:04:51, 21
2013-05-23 11:04:52, 21
2013-05-23 11:04:53, 21
2013-05-23 11:04:54, 21
2013-05-23 11:04:55, 21
2013-05-23 11:04:56, 21
2013-05-23 11:04:57, 21
2013-05-23 11:04:58, 21
2013-05-23 11:04:59, 21
2013-05-23 11:05:00, 21
2013-05-23 11:05:01, 21
2013-05-23 11:05:02, 21
2013-05-23 11:05:03, 21
2013-05-23 11:05:04, 21
2013-05-23 11:05:05, 21
2013-05-23 11:05:06, 21
2013-05-23 11:05:07, 21
2013-05-23 11:05:08, 21
2013-05-23 11:05:09, 21
2013-05-23 11:05:10, 21
2013-05-23 11:05:11, 23
2013-05-23 11:05:13, 23
2013-05-23 11:05:14, 24
2013-05-23 11:05:15, 24
2013-05-23 11:05:16, 25
2013-05-23 11:05:17, 25
2013-05-23 11:05:18, 24
2013-05-23 11:05:19, 24
2013-05-23 11:05:20, 24
2013-05-23 11:05:21, 25
2013-05-23 11:05:22, 25
2013-05-23 11:05:23, 24
2013-05-23 11:05:24, 23
2013-05-23 11:05:25, 23
2013-05-23 11:05:26, 23
2013-05-23 11:05:27, 22
2013-05-23 11:05:28, 22
2013-05-23 11:05:29, 22
2013-05-23 11:05:30, 22
2013-05-23 11:05:31, 22
2013-05-23 11:05:32, 22
2013-05-23 11:05:34, 22
2013-05-23 11:05:35, 22
2013-05-23 11:05:36, 22
2013-05-23 11:05:37, 22
2013-05-23 11:05:38, 22
2013-05-23 11:05:39, 22
2013-05-23 11:05:40, 22
2013-05-23 11:05:41, 22
2013-05-23 11:05:42, 22
2013-05-23 11:05:43, 22
2013-05-23 11:05:44, 22
2013-05-23 11:05:45, 22
2013-05-23 11:05:46, 22
2013-05-23 11:05:47, 22
2013-05-23 11:05:48, 22
2013-05-23 11:05:49, 21
2013-05-23 11:05:50, 22
2013-05-23 11:05:51, 21
2013-05-23 11:05:52, 21
2013-05-23 11:05:53, 21
2013-05-23 11:05:55, 21
2013-05-23 11:05:56, 21
2013-05-23 11:05:57, 21
2013-05-23 11:05:58, 21
2013-05-23 11:05:59, 21
2013-05-23 11:06:00, 21
2013-05-23 11:06:01, 21
2013-05-23 11:06:02, 21
2013-05-23 11:06:03, 21
2013-05-23 11:06:04, 21
2013-05-23 11:06:05, 21
2013-05-23 11:06:06, 21
2013-05-23 11:06:07, 21
2013-05-23 11:06:08, 21
2013-05-23 11:06:09, 21
2013-05-23 11:06:10, 21
2013-05-23 11:06:11, 21
2013-05-23 11:06:12, 21
2013-05-23 11:06:13, 21
2013-05-23 11:06:14, 21
2013-05-23 11:06:15, 21
2013-05-23 11:06:16, 21
2013-05-23 11:06:17, 21
2013-05-23 11:06:18, 21
2013-05-23 11:06:19, 21
2013-05-23 11:06:20, 21
2013-05-23 11:06:21, 21
2013-05-23 11:06:22, 21
2013-05-23 11:06:23, 21
2013-05-23 11:06:24, 21
2013-05-23 11:06:25, 21
2013-05-23 11:06:26, 21
2013-05-23 11:06:27, 21
2013-05-23 11:06:28, 21
2013-05-23 11:06:29, 21
2013-05-23 11:06:30, 21
2013-05-23 11:06:31, 21
2013-05-23 11:06:32, 21
2013-05-23 11:06:33, 21
2013-05-23 11:06:34, 21
2013-05-23 11:06:35, 21
2013-05-23 11:06:36, 21
2013-05-23 11:06:37, 21
2013-05-23 11:06:38, 21
2013-05-23 11:06:39, 21
2013-05-23 11:06:40, 21
2013-05-23 11:06:41, 21
2013-05-23 11:06:42, 21
2013-05-23 11:06:43, 21
2013-05-23 11:06:44, 21
2013-05-23 11:06:45, 21
2013-05-23 11:06:47, 21
2013-05-23 11:06:48, 21
2013-05-23 11:06:49, 21
2013-05-23 11:06:50, 21
2013-05-23 11:06:51, 21
2013-05-23 11:06:52, 21
2013-05-23 11:06:53, 21
2013-05-23 11:06:54, 21
2013-05-23 11:06:55, 21
2013-05-23 11:06:56, 21
2013-05-23 11:06:57, 21
2013-05-23 11:06:58, 21
2013-05-23 11:06:59, 21
2013-05-23 11:07:00, 21
2013-05-23 11:07:01, 21
2013-05-23 11:07:02, 21
2013-05-23 11:07:03, 21
2013-05-23 11:07:04, 21
2013-05-23 11:07:05, 21
2013-05-23 11:07:06, 21
2013-05-23 11:07:07, 21
2013-05-23 11:07:08, 21
2013-05-23 11:07:09, 21
2013-05-23 11:07:10, 21
2013-05-23 11:07:11, 21
2013-05-23 11:07:12, 21
2013-05-23 11:07:13, 21
2013-05-23 11:07:14, 21
2013-05-23 11:07:15, 21
2013-05-23 11:07:16, 21
2013-05-23 11:07:17, 21
2013-05-23 11:07:18, 21
2013-05-23 11:07:19, 21
2013-05-23 11:07:20, 21
2013-05-23 11:07:21, 21
2013-05-23 11:07:22, 21
2013-05-23 11:07:23, 21
2013-05-23 11:07:24, 21
2013-05-23 11:07:25, 21
2013-05-23 11:07:26, 21
2013-05-23 11:07:27, 21
2013-05-23 11:07:28, 21
2013-05-23 11:07:29, 21
2013-05-23 11:07:30, 21
2013-05-23 11:07:31, 21
2013-05-23 11:07:32, 21
2013-05-23 11:07:33, 21
2013-05-23 11:07:34, 21
2013-05-23 11:07:35, 21
2013-05-23 11:07:36, 21
2013-05-23 11:07:37, 21
2013-05-23 11:07:38, 21
2013-05-23 11:07:39, 21
2013-05-23 11:07:40, 21
2013-05-23 11:07:41, 21
2013-05-23 11:07:42, 21
2013-05-23 11:07:43, 21
2013-05-23 11:07:44, 21
2013-05-23 11:07:45, 21
2013-05-23 11:07:46, 21
2013-05-23 11:07:47, 21
2013-05-23 11:07:48, 21
2013-05-23 11:07:49, 21
2013-05-23 11:07:50, 21
2013-05-23 11:07:51, 21
2013-05-23 11:07:52, 21
2013-05-23 11:07:53, 21
2013-05-23 11:07:54, 21
2013-05-23 11:07:55, 21
2013-05-23 11:07:56, 21
2013-05-23 11:07:57, 21
2013-05-23 11:07:58, 21
2013-05-23 11:07:59, 21
2013-05-23 11:08:00, 21
2013-05-23 11:08:01, 21
2013-05-23 11:08:02, 21
2013-05-23 11:08:03, 21
2013-05-23 11:08:04, 21
2013-05-23 11:08:05, 21
2013-05-23 11:08:06, 21
2013-05-23 11:08:07, 21
2013-05-23 11:08:08, 21
2013-05-23 11:08:09, 21
2013-05-23 11:08:10, 21
2013-05-23 11:08:11, 21
2013-05-23 11:08:12, 21
2013-05-23 11:08:13, 21
2013-05-23 11:08:14, 21
2013-05-23 11:08:15, 21
2013-05-23 11:08:16, 21
2013-05-23 11:08:17, 21
2013-05-23 11:08:18, 21
2013-05-23 11:08:19, 21
2013-05-23 11:08:20, 21
2013-05-23 11:08:21, 21
2013-05-23 11:08:22, 21
2013-05-23 11:08:23, 21
2013-05-23 11:08:24, 21
2013-05-23 11:08:25, 21
2013-05-23 11:08:26, 21
2013-05-23 11:08:27, 21
2013-05-23 11:08:28, 21
2013-05-23 11:08:29, 21
2013-05-23 11:08:30, 21
2013-05-23 11:08:31, 21
2013-05-23 11:08:32, 21
2013-05-23 11:08:33, 21
2013-05-23 11:08:34, 21
2013-05-23 11:08:35, 21
2013-05-23 11:08:36, 21
2013-05-23 11:08:37, 21
2013-05-23 11:08:38, 21
2013-05-23 11:08:39, 21
2013-05-23 11:08:40, 21
2013-05-23 11:08:41, 21
2013-05-23 11:08:42, 21
2013-05-23 11:08:43, 21
2013-05-23 11:08:44, 21
2013-05-23 11:08:45, 21
2013-05-23 11:08:46, 21
2013-05-23 11:08:47, 21
2013-05-23 11:08:48, 21
2013-05-23 11:08:49, 21
2013-05-23 11:08:50, 21
2013-05-23 11:08:51, 21
2013-05-23 11:08:52, 21
2013-05-23 11:08:53, 21
2013-05-23 11:08:54, 21
2013-05-23 11:08:55, 21
2013-05-23 11:08:56, 21
2013-05-23 11:08:57, 21
2013-05-23 11:08:58, 21
2013-05-23 11:08:59, 21
2013-05-23 11:09:00, 21
2013-05-23 11:09:01, 21
2013-05-23 11:09:02, 21
2013-05-23 11:09:03, 21
2013-05-23 11:09:04, 21
2013-05-23 11:09:05, 21
2013-05-23 11:09:06, 21
2013-05-23 11:09:08, 21
2013-05-23 11:09:09, 21
2013-05-23 11:09:10, 21
2013-05-23 11:09:11, 21
2013-05-23 11:09:12, 21
2013-05-23 11:09:13, 21
2013-05-23 11:09:14, 21
2013-05-23 11:09:15, 21
2013-05-23 11:09:16, 21
2013-05-23 11:09:17, 21
2013-05-23 11:09:18, 21
2013-05-23 11:09:19, 21
2013-05-23 11:09:20, 21
2013-05-23 11:09:21, 21
2013-05-23 11:09:22, 21
2013-05-23 11:09:23, 21
2013-05-23 11:09:24, 21
2013-05-23 11:09:25, 21
2013-05-23 11:09:26, 21
2013-05-23 11:09:27, 21
2013-05-23 11:09:28, 21
2013-05-23 11:09:29, 21
2013-05-23 11:09:30, 21
2013-05-23 11:09:31, 21
2013-05-23 11:09:32, 21
2013-05-23 11:09:33, 21
2013-05-23 11:09:34, 21
2013-05-23 11:09:35, 21
2013-05-23 11:09:36, 21
2013-05-23 11:09:37, 21
2013-05-23 11:09:38, 21
2013-05-23 11:09:39, 21
2013-05-23 11:09:40, 21
2013-05-23 11:09:41, 21
2013-05-23 11:09:42, 21
2013-05-23 11:09:43, 21
2013-05-23 11:09:44, 21
2013-05-23 11:09:45, 21
2013-05-23 11:09:46, 21
2013-05-23 11:09:47, 21
2013-05-23 11:09:48, 21
2013-05-23 11:09:49, 21
2013-05-23 11:09:50, 21
2013-05-23 11:09:51, 21
2013-05-23 11:09:52, 21
2013-05-23 11:09:53, 21
2013-05-23 11:09:54, 21
2013-05-23 11:09:55, 21
2013-05-23 11:09:56, 21
2013-05-23 11:09:57, 21
2013-05-23 11:09:58, 21
2013-05-23 11:09:59, 21
2013-05-23 11:10:00, 21
2013-05-23 11:10:01, 21
2013-05-23 11:10:02, 21
2013-05-23 11:10:03, 21
2013-05-23 11:10:04, 21
2013-05-23 11:10:05, 21
2013-05-23 11:10:06, 21
2013-05-23 11:10:07, 21
2013-05-23 11:10:08, 21
2013-05-23 11:10:09, 21
2013-05-23 11:10:10, 21
2013-05-23 11:10:11, 21
2013-05-23 11:10:12, 21
2013-05-23 11:10:13, 21
2013-05-23 11:10:14, 21
2013-05-23 11:10:15, 21
2013-05-23 11:10:16, 21
2013-05-23 11:10:17, 21
2013-05-23 11:10:18, 21
2013-05-23 11:10:19, 21
2013-05-23 11:10:20, 21
2013-05-23 11:10:21, 21
2013-05-23 11:10:22, 21
2013-05-23 11:10:23, 21
2013-05-23 11:10:24, 21
2013-05-23 11:10:25, 21
2013-05-23 11:10:26, 21
2013-05-23 11:10:27, 21
2013-05-23 11:10:28, 21
2013-05-23 11:10:29, 21
2013-05-23 11:10:30, 21
2013-05-23 11:10:31, 21
2013-05-23 11:10:32, 21
2013-05-23 11:10:33, 21
2013-05-23 11:10:34, 21
2013-05-23 11:10:35, 21
2013-05-23 11:10:36, 21
2013-05-23 11:10:37, 21
2013-05-23 11:10:38, 21
2013-05-23 11:10:39, 21
2013-05-23 11:10:40, 21
2013-05-23 11:10:41, 21
2013-05-23 11:10:42, 21
2013-05-23 11:10:43, 21
2013-05-23 11:10:44, 21
2013-05-23 11:10:45, 21
2013-05-23 11:10:46, 21
2013-05-23 11:10:47, 21
2013-05-23 11:10:48, 21
2013-05-23 11:10:49, 21
2013-05-23 11:10:50, 21
2013-05-23 11:10:51, 21
2013-05-23 11:10:52, 21
2013-05-23 11:10:53, 21
2013-05-23 11:10:54, 21
2013-05-23 11:10:55, 21
2013-05-23 11:10:56, 21
2013-05-23 11:10:57, 21
2013-05-23 11:10:58, 21
2013-05-23 11:10:59, 21
2013-05-23 11:11:00, 21
2013-05-23 11:11:01, 21
2013-05-23 11:11:02, 21
2013-05-23 11:11:03, 21
2013-05-23 11:11:04, 21
2013-05-23 11:11:05, 21
2013-05-23 11:11:06, 21
2013-05-23 11:11:07, 21
2013-05-23 11:11:08, 21
2013-05-23 11:11:09, 21
2013-05-23 11:11:10, 21
2013-05-23 11:11:11, 21
2013-05-23 11:11:12, 21
2013-05-23 11:11:13, 21
2013-05-23 11:11:14, 21
2013-05-23 11:11:15, 21
2013-05-23 11:11:16, 21
2013-05-23 11:11:17, 21
2013-05-23 11:11:18, 21
2013-05-23 11:11:19, 21
2013-05-23 11:11:20, 21
2013-05-23 11:11:21, 21
2013-05-23 11:11:22, 21
2013-05-23 11:11:23, 21
2013-05-23 11:11:24, 21
2013-05-23 11:11:25, 21
2013-05-23 11:11:26, 21
2013-05-23 11:11:27, 21
2013-05-23 11:11:28, 21
2013-05-23 11:11:29, 21
2013-05-23 11:11:31, 21
2013-05-23 11:11:32, 21
2013-05-23 11:11:33, 21
2013-05-23 11:11:34, 21
2013-05-23 11:11:35, 21
2013-05-23 11:11:36, 21
2013-05-23 11:11:37, 21
2013-05-23 11:11:38, 21
2013-05-23 11:11:39, 21
2013-05-23 11:11:40, 21
2013-05-23 11:11:41, 21
2013-05-23 11:11:42, 21
2013-05-23 11:11:43, 21
2013-05-23 11:11:44, 21
2013-05-23 11:11:45, 21
2013-05-23 11:11:46, 21
2013-05-23 11:11:47, 21
2013-05-23 11:11:48, 21
2013-05-23 11:11:49, 21
2013-05-23 11:11:50, 21
2013-05-23 11:11:51, 21
2013-05-23 11:11:52, 21
2013-05-23 11:11:53, 21
2013-05-23 11:11:54, 21
2013-05-23 11:11:55, 21
2013-05-23 11:11:56, 21
2013-05-23 11:11:57, 21
2013-05-23 11:11:58, 21
2013-05-23 11:11:59, 21
2013-05-23 11:12:00, 21
2013-05-23 11:12:01, 20
2013-05-23 11:12:02, 21
2013-05-23 11:12:03, 21
2013-05-23 11:12:04, 21
2013-05-23 11:12:05, 21
2013-05-23 11:12:06, 20
2013-05-23 11:12:07, 20
2013-05-23 11:12:08, 20
2013-05-23 11:12:09, 20
2013-05-23 11:12:10, 21
2013-05-23 11:12:11, 20
2013-05-23 11:12:12, 21
2013-05-23 11:12:13, 20
2013-05-23 11:12:14, 21
2013-05-23 11:12:15, 20
2013-05-23 11:12:16, 20
2013-05-23 11:12:17, 20
2013-05-23 11:12:18, 20
2013-05-23 11:12:19, 20
2013-05-23 11:12:20, 20
2013-05-23 11:12:21, 21
2013-05-23 11:12:22, 20
2013-05-23 11:12:23, 20
2013-05-23 11:12:24, 20
2013-05-23 11:12:25, 20
2013-05-23 11:12:26, 21
2013-05-23 11:12:27, 21
2013-05-23 11:12:28, 21
2013-05-23 11:12:29, 21
2013-05-23 11:12:30, 21
2013-05-23 11:12:31, 21
2013-05-23 11:12:32, 21
2013-05-23 11:12:33, 21
2013-05-23 11:12:34, 21
2013-05-23 11:12:35, 21
2013-05-23 11:12:36, 21
2013-05-23 11:12:37, 21
2013-05-23 11:12:38, 21
2013-05-23 11:12:39, 21
2013-05-23 11:12:40, 21
2013-05-23 11:12:41, 21
2013-05-23 11:12:42, 21
2013-05-23 11:12:43, 21
2013-05-23 11:12:44, 21
2013-05-23 11:12:45, 21
2013-05-23 11:12:46, 21
2013-05-23 11:12:47, 21
2013-05-23 11:12:48, 21
2013-05-23 11:12:49, 21
2013-05-23 11:12:50, 21
2013-05-23 11:12:51, 21
2013-05-23 11:12:52, 21
2013-05-23 11:12:53, 21
2013-05-23 11:12:54, 21
2013-05-23 11:12:55, 21
2013-05-23 11:12:56, 21
2013-05-23 11:12:57, 21
2013-05-23 11:12:58, 21
2013-05-23 11:12:59, 21
2013-05-23 11:13:00, 21
2013-05-23 11:13:01, 21
2013-05-23 11:13:02, 21
2013-05-23 11:13:03, 21
2013-05-23 11:13:04, 21
2013-05-23 11:13:05, 21
2013-05-23 11:13:06, 21
2013-05-23 11:13:07, 21
2013-05-23 11:13:08, 21
2013-05-23 11:13:09, 21
2013-05-23 11:13:10, 21
2013-05-23 11:13:11, 21
2013-05-23 11:13:12, 21
2013-05-23 11:13:13, 21
2013-05-23 11:13:14, 21
2013-05-23 11:13:15, 21
2013-05-23 11:13:16, 20
2013-05-23 11:13:17, 21
2013-05-23 11:13:18, 21
2013-05-23 11:13:19, 20
2013-05-23 11:13:20, 20
2013-05-23 11:13:21, 20
2013-05-23 11:13:22, 20
2013-05-23 11:13:23, 20
2013-05-23 11:13:24, 20
2013-05-23 11:13:25, 20
2013-05-23 11:13:26, 20
2013-05-23 11:13:27, 20
2013-05-23 11:13:28, 20
2013-05-23 11:13:29, 20
2013-05-23 11:13:30, 20
2013-05-23 11:13:31, 20
2013-05-23 11:13:32, 21
2013-05-23 11:13:33, 20
2013-05-23 11:13:34, 21
2013-05-23 11:13:35, 20
2013-05-23 11:13:36, 21
2013-05-23 11:13:37, 21
2013-05-23 11:13:38, 21
2013-05-23 11:13:39, 21
2013-05-23 11:13:40, 20
2013-05-23 11:13:41, 21
2013-05-23 11:13:42, 21
2013-05-23 11:13:43, 21
2013-05-23 11:13:44, 21
2013-05-23 11:13:45, 21
2013-05-23 11:13:46, 21
2013-05-23 11:13:47, 21
2013-05-23 11:13:48, 21
2013-05-23 11:13:49, 21
2013-05-23 11:13:50, 21
2013-05-23 11:13:51, 21
2013-05-23 11:13:52, 21
2013-05-23 11:13:54, 21
2013-05-23 11:13:55, 21
2013-05-23 11:13:56, 21
2013-05-23 11:13:57, 21
2013-05-23 11:13:58, 21
2013-05-23 11:13:59, 21
2013-05-23 11:14:00, 21
2013-05-23 11:14:01, 21
2013-05-23 11:14:02, 21
2013-05-23 11:14:03, 21
2013-05-23 11:14:04, 21
2013-05-23 11:14:05, 21
2013-05-23 11:14:06, 21
2013-05-23 11:14:07, 21
2013-05-23 11:14:08, 21
2013-05-23 11:14:09, 21
2013-05-23 11:14:10, 21
2013-05-23 11:14:11, 21
2013-05-23 11:14:12, 21
2013-05-23 11:14:13, 21
2013-05-23 11:14:14, 21
2013-05-23 11:14:15, 21
2013-05-23 11:14:16, 21
2013-05-23 11:14:17, 21
2013-05-23 11:14:18, 21
2013-05-23 11:14:19, 21
2013-05-23 11:14:20, 21
2013-05-23 11:14:21, 21
2013-05-23 11:14:22, 21
2013-05-23 11:14:23, 21
2013-05-23 11:14:24, 21
2013-05-23 11:14:25, 21
2013-05-23 11:14:26, 21
2013-05-23 11:14:27, 21
2013-05-23 11:14:28, 21
2013-05-23 11:14:29, 20
2013-05-23 11:14:30, 21
2013-05-23 11:14:31, 21
2013-05-23 11:14:32, 21
2013-05-23 11:14:33, 21
2013-05-23 11:14:34, 21
2013-05-23 11:14:35, 20
2013-05-23 11:14:36, 20
2013-05-23 11:14:37, 21
2013-05-23 11:14:38, 20
2013-05-23 11:14:39, 21
2013-05-23 11:14:40, 20
2013-05-23 11:14:41, 20
2013-05-23 11:14:42, 20
2013-05-23 11:14:43, 20
2013-05-23 11:14:44, 20
2013-05-23 11:14:45, 20
2013-05-23 11:14:46, 20
2013-05-23 11:14:47, 20
2013-05-23 11:14:48, 20
2013-05-23 11:14:49, 20
2013-05-23 11:14:50, 20
2013-05-23 11:14:51, 20
2013-05-23 11:14:52, 20
2013-05-23 11:14:53, 20
2013-05-23 11:14:54, 20
2013-05-23 11:14:55, 20
2013-05-23 11:14:56, 20
2013-05-23 11:14:57, 20
2013-05-23 11:14:58, 20
2013-05-23 11:14:59, 20
2013-05-23 11:15:00, 20
2013-05-23 11:15:01, 20
2013-05-23 11:15:02, 20
2013-05-23 11:15:03, 20
2013-05-23 11:15:04, 20
2013-05-23 11:15:05, 20
2013-05-23 11:15:06, 20
2013-05-23 11:15:07, 20
2013-05-23 11:15:08, 20
2013-05-23 11:15:09, 20
2013-05-23 11:15:10, 20
2013-05-23 11:15:11, 20
2013-05-23 11:15:12, 20
2013-05-23 11:15:13, 20
2013-05-23 11:15:14, 20
2013-05-23 11:15:15, 20
2013-05-23 11:15:16, 20
2013-05-23 11:15:17, 20
2013-05-23 11:15:18, 20
2013-05-23 11:15:19, 21
2013-05-23 11:15:20, 21
2013-05-23 11:15:21, 21
2013-05-23 11:15:22, 21
2013-05-23 11:15:23, 20
2013-05-23 11:15:24, 20
2013-05-23 11:15:25, 21
2013-05-23 11:15:26, 20
2013-05-23 11:15:27, 21
2013-05-23 11:15:28, 20
2013-05-23 11:15:29, 21
2013-05-23 11:15:30, 21
2013-05-23 11:15:31, 21
2013-05-23 11:15:32, 20
2013-05-23 11:15:33, 21
2013-05-23 11:15:34, 20
2013-05-23 11:15:35, 21
2013-05-23 11:15:36, 21
2013-05-23 11:15:37, 21
2013-05-23 11:15:38, 21
2013-05-23 11:15:39, 21
2013-05-23 11:15:40, 21
2013-05-23 11:15:41, 21
2013-05-23 11:15:42, 21
2013-05-23 11:15:43, 21
2013-05-23 11:15:44, 21
2013-05-23 11:15:45, 21
2013-05-23 11:15:46, 21
2013-05-23 11:15:47, 21
2013-05-23 11:15:48, 21
2013-05-23 11:15:49, 21
2013-05-23 11:15:50, 21
2013-05-23 11:15:51, 21
2013-05-23 11:15:52, 21
2013-05-23 11:15:53, 21
2013-05-23 11:15:54, 21
2013-05-23 11:15:55, 21
2013-05-23 11:15:56, 21
2013-05-23 11:15:57, 21
2013-05-23 11:15:58, 21
2013-05-23 11:15:59, 21
2013-05-23 11:16:00, 21
2013-05-23 11:16:01, 21
2013-05-23 11:16:02, 21
2013-05-23 11:16:03, 21
2013-05-23 11:16:04, 21
2013-05-23 11:16:05, 21
2013-05-23 11:16:06, 21
2013-05-23 11:16:07, 21
2013-05-23 11:16:08, 21
2013-05-23 11:16:09, 21
2013-05-23 11:16:10, 21
2013-05-23 11:16:11, 21
2013-05-23 11:16:12, 21
2013-05-23 11:16:13, 21
2013-05-23 11:16:14, 21
2013-05-23 11:16:16, 21
2013-05-23 11:16:17, 21
2013-05-23 11:16:18, 21
2013-05-23 11:16:19, 21
2013-05-23 11:16:20, 21
2013-05-23 11:16:21, 21
2013-05-23 11:16:22, 21
2013-05-23 11:16:23, 21
2013-05-23 11:16:24, 21
2013-05-23 11:16:25, 21
2013-05-23 11:16:26, 21
2013-05-23 11:16:27, 21
2013-05-23 11:16:28, 21
2013-05-23 11:16:29, 21
2013-05-23 11:16:30, 21
2013-05-23 11:16:31, 21
2013-05-23 11:16:32, 21
2013-05-23 11:16:33, 21
2013-05-23 11:16:34, 21
2013-05-23 11:16:35, 21
2013-05-23 11:16:36, 21
2013-05-23 11:16:37, 21
2013-05-23 11:16:38, 21
2013-05-23 11:16:39, 21
2013-05-23 11:16:40, 21
2013-05-23 11:16:41, 21
2013-05-23 11:16:42, 21
2013-05-23 11:16:43, 21
2013-05-23 11:16:44, 21
2013-05-23 11:16:45, 21
2013-05-23 11:16:46, 21
2013-05-23 11:16:47, 21
2013-05-23 11:16:48, 21
2013-05-23 11:16:49, 21
2013-05-23 11:16:50, 21
2013-05-23 11:16:51, 21
2013-05-23 11:16:52, 21
2013-05-23 11:16:53, 21
2013-05-23 11:16:54, 21
2013-05-23 11:16:55, 21
2013-05-23 11:16:56, 21
2013-05-23 11:16:57, 21
2013-05-23 11:16:58, 21
2013-05-23 11:16:59, 21
2013-05-23 11:17:00, 21
2013-05-23 11:17:01, 21
2013-05-23 11:17:02, 21
2013-05-23 11:17:03, 21
2013-05-23 11:17:04, 21
2013-05-23 11:17:05, 21
2013-05-23 11:17:06, 21
2013-05-23 11:17:07, 21
2013-05-23 11:17:08, 21
2013-05-23 11:17:09, 21
2013-05-23 11:17:10, 21
2013-05-23 11:17:11, 21
2013-05-23 11:17:12, 21
2013-05-23 11:17:13, 21
2013-05-23 11:17:14, 21
2013-05-23 11:17:15, 21
2013-05-23 11:17:16, 21
2013-05-23 11:17:17, 21
2013-05-23 11:17:18, 21
2013-05-23 11:17:19, 21
2013-05-23 11:17:20, 21
2013-05-23 11:17:21, 21
2013-05-23 11:17:22, 21
2013-05-23 11:17:23, 21
2013-05-23 11:17:24, 21
2013-05-23 11:17:25, 21
2013-05-23 11:17:26, 21
2013-05-23 11:17:27, 21
2013-05-23 11:17:28, 21
2013-05-23 11:17:29, 21
2013-05-23 11:17:30, 21
2013-05-23 11:17:31, 21
2013-05-23 11:17:32, 21
2013-05-23 11:17:33, 21
2013-05-23 11:17:34, 21
2013-05-23 11:17:35, 21
2013-05-23 11:17:36, 21
2013-05-23 11:17:37, 21
2013-05-23 11:17:38, 21
2013-05-23 11:17:39, 21
2013-05-23 11:17:40, 21
2013-05-23 11:17:41, 21
2013-05-23 11:17:42, 21
2013-05-23 11:17:43, 21
2013-05-23 11:17:44, 21
2013-05-23 11:17:45, 21
2013-05-23 11:17:46, 21
2013-05-23 11:17:47, 21
2013-05-23 11:17:48, 21
2013-05-23 11:17:49, 21
2013-05-23 11:17:50, 21
2013-05-23 11:17:51, 21
2013-05-23 11:17:52, 21
2013-05-23 11:17:53, 21
2013-05-23 11:17:54, 21
2013-05-23 11:17:55, 21
2013-05-23 11:17:56, 21
2013-05-23 11:17:57, 21
2013-05-23 11:17:58, 21
2013-05-23 11:17:59, 21
2013-05-23 11:18:00, 21
2013-05-23 11:18:01, 21
2013-05-23 11:18:02, 21
2013-05-23 11:18:03, 21
2013-05-23 11:18:04, 21
2013-05-23 11:18:05, 21
2013-05-23 11:18:06, 21
2013-05-23 11:18:07, 21
2013-05-23 11:18:08, 21
2013-05-23 11:18:09, 21
2013-05-23 11:18:10, 21
2013-05-23 11:18:11, 21
2013-05-23 11:18:12, 21
2013-05-23 11:18:13, 21
2013-05-23 11:18:14, 21
2013-05-23 11:18:15, 21
2013-05-23 11:18:16, 21
2013-05-23 11:18:17, 21
2013-05-23 11:18:18, 21
2013-05-23 11:18:19, 21
2013-05-23 11:18:20, 21
2013-05-23 11:18:21, 21
2013-05-23 11:18:22, 21
2013-05-23 11:18:23, 21
2013-05-23 11:18:24, 21
2013-05-23 11:18:25, 21
2013-05-23 11:18:26, 21
2013-05-23 11:18:27, 21
2013-05-23 11:18:28, 21
2013-05-23 11:18:29, 21
2013-05-23 11:18:30, 21
2013-05-23 11:18:31, 21
2013-05-23 11:18:32, 21
2013-05-23 11:18:33, 21
2013-05-23 11:18:34, 21
2013-05-23 11:18:35, 21
2013-05-23 11:18:36, 21
2013-05-23 11:18:38, 21
2013-05-23 11:18:39, 21
2013-05-23 11:18:40, 21
2013-05-23 11:18:41, 21
2013-05-23 11:18:42, 21
2013-05-23 11:18:43, 21
2013-05-23 11:18:44, 21
2013-05-23 11:18:45, 21
2013-05-23 11:18:46, 21
2013-05-23 11:18:47, 21
2013-05-23 11:18:48, 21
2013-05-23 11:18:49, 21
2013-05-23 11:18:50, 21
2013-05-23 11:18:51, 21
2013-05-23 11:18:52, 21
2013-05-23 11:18:53, 21
2013-05-23 11:18:54, 21
2013-05-23 11:18:55, 21
2013-05-23 11:18:56, 21
2013-05-23 11:18:57, 21
2013-05-23 11:18:58, 21
2013-05-23 11:18:59, 21
2013-05-23 11:19:00, 21
2013-05-23 11:19:01, 21
2013-05-23 11:19:02, 21
2013-05-23 11:19:03, 21
2013-05-23 11:19:04, 21
2013-05-23 11:19:05, 21
2013-05-23 11:19:06, 21
2013-05-23 11:19:07, 21
2013-05-23 11:19:08, 21
2013-05-23 11:19:09, 21
2013-05-23 11:19:10, 21
2013-05-23 11:19:11, 21
2013-05-23 11:19:12, 21
2013-05-23 11:19:13, 21
2013-05-23 11:19:14, 21
2013-05-23 11:19:15, 21
2013-05-23 11:19:16, 21
2013-05-23 11:19:17, 21
2013-05-23 11:19:18, 21
2013-05-23 11:19:19, 21
2013-05-23 11:19:20, 21
2013-05-23 11:19:21, 21
2013-05-23 11:19:22, 21
2013-05-23 11:19:23, 21
2013-05-23 11:19:24, 21
2013-05-23 11:19:25, 21
2013-05-23 11:19:26, 21
2013-05-23 11:19:27, 21
2013-05-23 11:19:28, 21
2013-05-23 11:19:29, 21
2013-05-23 11:19:30, 21
2013-05-23 11:19:31, 21
2013-05-23 11:19:32, 21
2013-05-23 11:19:33, 21
2013-05-23 11:19:34, 21
2013-05-23 11:19:35, 21
2013-05-23 11:19:36, 21
2013-05-23 11:19:37, 21
2013-05-23 11:19:38, 21
2013-05-23 11:19:39, 21
2013-05-23 11:19:40, 21
2013-05-23 11:19:41, 21
2013-05-23 11:19:42, 21
2013-05-23 11:19:43, 21
2013-05-23 11:19:44, 21
2013-05-23 11:19:45, 21
2013-05-23 11:19:46, 21
2013-05-23 11:19:47, 21
2013-05-23 11:19:48, 21
2013-05-23 11:19:49, 21
2013-05-23 11:19:50, 21
2013-05-23 11:19:51, 21
2013-05-23 11:19:52, 21
2013-05-23 11:19:53, 21
2013-05-23 11:19:54, 21
2013-05-23 11:19:55, 21
2013-05-23 11:19:56, 21
2013-05-23 11:19:57, 21
2013-05-23 11:19:58, 21
2013-05-23 11:19:59, 21
2013-05-23 11:20:00, 21
2013-05-23 11:20:01, 21
2013-05-23 11:20:02, 21
2013-05-23 11:20:03, 21
2013-05-23 11:20:04, 21
2013-05-23 11:20:05, 21
2013-05-23 11:20:06, 21
2013-05-23 11:20:07, 21
2013-05-23 11:20:08, 21
2013-05-23 11:20:09, 21
2013-05-23 11:20:10, 21
2013-05-23 11:20:11, 21
2013-05-23 11:20:12, 21
2013-05-23 11:20:13, 21
2013-05-23 11:20:14, 21
2013-05-23 11:20:15, 21
2013-05-23 11:20:16, 21
2013-05-23 11:20:17, 21
2013-05-23 11:20:18, 21
2013-05-23 11:20:19, 21
2013-05-23 11:20:20, 21
2013-05-23 11:20:21, 21
2013-05-23 11:20:22, 21
2013-05-23 11:20:23, 21
2013-05-23 11:20:24, 21
2013-05-23 11:20:25, 21
2013-05-23 11:20:26, 21
2013-05-23 11:20:27, 21
2013-05-23 11:20:28, 21
2013-05-23 11:20:29, 21
2013-05-23 11:20:30, 21
2013-05-23 11:20:31, 21
2013-05-23 11:20:32, 21
2013-05-23 11:20:33, 21
2013-05-23 11:20:34, 21
2013-05-23 11:20:35, 21
2013-05-23 11:20:36, 21
2013-05-23 11:20:37, 21
2013-05-23 11:20:38, 21
2013-05-23 11:20:39, 21
2013-05-23 11:20:40, 21
2013-05-23 11:20:41, 21
2013-05-23 11:20:42, 21
2013-05-23 11:20:43, 21
2013-05-23 11:20:44, 21
2013-05-23 11:20:45, 21
2013-05-23 11:20:46, 21
2013-05-23 11:20:47, 21
2013-05-23 11:20:48, 21
2013-05-23 11:20:49, 21
2013-05-23 11:20:50, 21
2013-05-23 11:20:51, 21
2013-05-23 11:20:52, 21
2013-05-23 11:20:53, 21
2013-05-23 11:20:54, 21
2013-05-23 11:20:55, 21
2013-05-23 11:20:56, 21
2013-05-23 11:20:57, 21
2013-05-23 11:20:59, 21
2013-05-23 11:21:00, 21
2013-05-23 11:21:01, 21
2013-05-23 11:21:02, 21
2013-05-23 11:21:03, 20
2013-05-23 11:21:04, 21
2013-05-23 11:21:05, 20
2013-05-23 11:21:06, 21
2013-05-23 11:21:07, 20
2013-05-23 11:21:08, 20
2013-05-23 11:21:09, 21
2013-05-23 11:21:10, 21
2013-05-23 11:21:11, 21
2013-05-23 11:21:12, 20
2013-05-23 11:21:13, 21
2013-05-23 11:21:14, 21
2013-05-23 11:21:15, 21
2013-05-23 11:21:16, 21
2013-05-23 11:21:17, 20
2013-05-23 11:21:18, 21
2013-05-23 11:21:19, 20
2013-05-23 11:21:20, 21
2013-05-23 11:21:21, 21
2013-05-23 11:21:22, 21
2013-05-23 11:21:23, 21
2013-05-23 11:21:24, 21
2013-05-23 11:21:25, 21
2013-05-23 11:21:26, 21
2013-05-23 11:21:27, 21
2013-05-23 11:21:28, 21
2013-05-23 11:21:29, 21
2013-05-23 11:21:30, 21
2013-05-23 11:21:31, 21
2013-05-23 11:21:32, 21
2013-05-23 11:21:33, 21
2013-05-23 11:21:34, 21
2013-05-23 11:21:35, 21
2013-05-23 11:21:36, 21
2013-05-23 11:21:37, 21
2013-05-23 11:21:38, 21
2013-05-23 11:21:39, 21
2013-05-23 11:21:40, 21
2013-05-23 11:21:41, 21
2013-05-23 11:21:42, 21
2013-05-23 11:21:43, 21
2013-05-23 11:21:44, 21
2013-05-23 11:21:45, 21
2013-05-23 11:21:46, 21
2013-05-23 11:21:47, 21
2013-05-23 11:21:48, 21
2013-05-23 11:21:49, 21
2013-05-23 11:21:50, 21
2013-05-23 11:21:51, 21
2013-05-23 11:21:52, 21
2013-05-23 11:21:53, 21
2013-05-23 11:21:54, 21
2013-05-23 11:21:55, 21
2013-05-23 11:21:56, 21
2013-05-23 11:21:57, 21
2013-05-23 11:21:58, 21
2013-05-23 11:21:59, 21
2013-05-23 11:22:00, 21
2013-05-23 11:22:01, 21
2013-05-23 11:22:02, 21
2013-05-23 11:22:03, 21
2013-05-23 11:22:04, 21
2013-05-23 11:22:05, 21
2013-05-23 11:22:06, 21
2013-05-23 11:22:07, 21
2013-05-23 11:22:08, 21
2013-05-23 11:22:09, 21
2013-05-23 11:22:10, 21
2013-05-23 11:22:11, 21
2013-05-23 11:22:12, 21
2013-05-23 11:22:13, 21
2013-05-23 11:22:14, 21
2013-05-23 11:22:15, 21
2013-05-23 11:22:16, 21
2013-05-23 11:22:17, 21
2013-05-23 11:22:18, 21
2013-05-23 11:22:19, 21
2013-05-23 11:22:20, 21
2013-05-23 11:22:21, 21
2013-05-23 11:22:22, 21
2013-05-23 11:22:23, 21
2013-05-23 11:22:24, 21
2013-05-23 11:22:25, 21
2013-05-23 11:22:26, 21
2013-05-23 11:22:27, 21
2013-05-23 11:22:28, 21
2013-05-23 11:22:29, 21
2013-05-23 11:22:30, 21
2013-05-23 11:22:31, 21
2013-05-23 11:22:32, 20
2013-05-23 11:22:33, 21
2013-05-23 11:22:34, 21
2013-05-23 11:22:35, 21
2013-05-23 11:22:36, 20
2013-05-23 11:22:37, 20
2013-05-23 11:22:38, 21
2013-05-23 11:22:39, 21
2013-05-23 11:22:40, 21
2013-05-23 11:22:41, 20
2013-05-23 11:22:42, 21
2013-05-23 11:22:43, 21
2013-05-23 11:22:44, 21
2013-05-23 11:22:45, 21
2013-05-23 11:22:46, 21
2013-05-23 11:22:47, 21
2013-05-23 11:22:48, 21
2013-05-23 11:22:49, 21
2013-05-23 11:22:50, 21
2013-05-23 11:22:51, 21
2013-05-23 11:22:52, 21
2013-05-23 11:22:53, 21
2013-05-23 11:22:54, 21
2013-05-23 11:22:55, 21
2013-05-23 11:22:56, 21
2013-05-23 11:22:57, 21
2013-05-23 11:22:58, 21
2013-05-23 11:22:59, 21
2013-05-23 11:23:00, 21
2013-05-23 11:23:01, 21
2013-05-23 11:23:02, 21
2013-05-23 11:23:03, 20
2013-05-23 11:23:04, 21
2013-05-23 11:23:05, 20
2013-05-23 11:23:06, 21
2013-05-23 11:23:07, 21
2013-05-23 11:23:08, 21
2013-05-23 11:23:09, 21
2013-05-23 11:23:10, 21
2013-05-23 11:23:11, 21
2013-05-23 11:23:12, 21
2013-05-23 11:23:13, 21
2013-05-23 11:23:14, 20
2013-05-23 11:23:15, 21
2013-05-23 11:23:16, 20
2013-05-23 11:23:17, 20
2013-05-23 11:23:18, 21
2013-05-23 11:23:19, 21
2013-05-23 11:23:20, 20
2013-05-23 11:23:21, 20
2013-05-23 11:23:23, 20
2013-05-23 11:23:24, 20
2013-05-23 11:23:25, 20
2013-05-23 11:23:26, 20
2013-05-23 11:23:27, 20
2013-05-23 11:23:28, 20
2013-05-23 11:23:29, 20
2013-05-23 11:23:30, 20
2013-05-23 11:23:31, 20
2013-05-23 11:23:32, 20
2013-05-23 11:23:33, 20
2013-05-23 11:23:34, 20
2013-05-23 11:23:35, 20
2013-05-23 11:23:36, 20
2013-05-23 11:23:37, 20
2013-05-23 11:23:38, 20
2013-05-23 11:23:39, 20
2013-05-23 11:23:40, 21
2013-05-23 11:23:41, 20
2013-05-23 11:23:42, 20
2013-05-23 11:23:43, 20
2013-05-23 11:23:44, 20
2013-05-23 11:23:45, 20
2013-05-23 11:23:46, 20
2013-05-23 11:23:47, 20
2013-05-23 11:23:48, 20
2013-05-23 11:23:49, 20
2013-05-23 11:23:50, 20
2013-05-23 11:23:51, 20
2013-05-23 11:23:52, 20
2013-05-23 11:23:53, 20
2013-05-23 11:23:54, 21
2013-05-23 11:23:55, 20
2013-05-23 11:23:56, 20
2013-05-23 11:23:57, 20
2013-05-23 11:23:58, 20
2013-05-23 11:23:59, 20
2013-05-23 11:24:00, 20
2013-05-23 11:24:01, 20
2013-05-23 11:24:02, 20
2013-05-23 11:24:03, 20
2013-05-23 11:24:04, 20
2013-05-23 11:24:05, 20
2013-05-23 11:24:06, 20
2013-05-23 11:24:07, 20
2013-05-23 11:24:08, 20
2013-05-23 11:24:09, 20
2013-05-23 11:24:10, 20
2013-05-23 11:24:11, 20
2013-05-23 11:24:12, 20
2013-05-23 11:24:13, 20
2013-05-23 11:24:14, 20
2013-05-23 11:24:15, 20
2013-05-23 11:24:16, 20
2013-05-23 11:24:17, 20
2013-05-23 11:24:18, 20
2013-05-23 11:24:19, 20
2013-05-23 11:24:20, 20
2013-05-23 11:24:21, 20
2013-05-23 11:24:22, 20
2013-05-23 11:24:23, 20
2013-05-23 11:24:24, 20
2013-05-23 11:24:25, 20
2013-05-23 11:24:26, 20
2013-05-23 11:24:27, 20
2013-05-23 11:24:28, 20
2013-05-23 11:24:29, 20
2013-05-23 11:24:30, 20
2013-05-23 11:24:31, 20
2013-05-23 11:24:32, 20
2013-05-23 11:24:33, 20
2013-05-23 11:24:34, 20
2013-05-23 11:24:35, 20
2013-05-23 11:24:36, 20
2013-05-23 11:24:37, 20
2013-05-23 11:24:38, 20
2013-05-23 11:24:39, 20
2013-05-23 11:24:40, 20
2013-05-23 11:24:41, 20
2013-05-23 11:24:42, 20
2013-05-23 11:24:43, 20
2013-05-23 11:24:44, 20
2013-05-23 11:24:45, 20
2013-05-23 11:24:46, 20
2013-05-23 11:24:47, 20
2013-05-23 11:24:48, 20
2013-05-23 11:24:49, 20
2013-05-23 11:24:50, 20
2013-05-23 11:24:51, 20
2013-05-23 11:24:52, 20
2013-05-23 11:24:53, 20
2013-05-23 11:24:54, 20
2013-05-23 11:24:55, 20
2013-05-23 11:24:56, 20
2013-05-23 11:24:57, 20
2013-05-23 11:24:58, 20
2013-05-23 11:24:59, 20
2013-05-23 11:25:00, 20
2013-05-23 11:25:01, 20
2013-05-23 11:25:02, 20
2013-05-23 11:25:03, 20
2013-05-23 11:25:04, 20
2013-05-23 11:25:05, 20
2013-05-23 11:25:06, 20
2013-05-23 11:25:07, 20
2013-05-23 11:25:08, 20
2013-05-23 11:25:09, 20
2013-05-23 11:25:10, 20
2013-05-23 11:25:11, 20
2013-05-23 11:25:12, 20
2013-05-23 11:25:13, 20
2013-05-23 11:25:14, 20
2013-05-23 11:25:15, 20
2013-05-23 11:25:16, 20
2013-05-23 11:25:17, 20
2013-05-23 11:25:18, 20
2013-05-23 11:25:19, 20
2013-05-23 11:25:20, 20
2013-05-23 11:25:21, 20
2013-05-23 11:25:22, 20
2013-05-23 11:25:23, 20
2013-05-23 11:25:24, 20
2013-05-23 11:25:25, 20
2013-05-23 11:25:26, 20
2013-05-23 11:25:27, 20
2013-05-23 11:25:28, 20
2013-05-23 11:25:29, 20
2013-05-23 11:25:30, 20
2013-05-23 11:25:31, 20
2013-05-23 11:25:32, 20
2013-05-23 11:25:33, 20
2013-05-23 11:25:34, 20
2013-05-23 11:25:35, 20
2013-05-23 11:25:36, 20
2013-05-23 11:25:37, 20
2013-05-23 11:25:38, 20
2013-05-23 11:25:39, 20
2013-05-23 11:25:40, 20
2013-05-23 11:25:41, 20
2013-05-23 11:25:42, 20
2013-05-23 11:25:44, 20
2013-05-23 11:25:45, 20
2013-05-23 11:25:46, 20
2013-05-23 11:25:47, 20
2013-05-23 11:25:48, 20
2013-05-23 11:25:49, 20
2013-05-23 11:25:50, 20
2013-05-23 11:25:51, 20
2013-05-23 11:25:52, 20
2013-05-23 11:25:53, 20
2013-05-23 11:25:54, 20
2013-05-23 11:25:55, 20
2013-05-23 11:25:56, 20
2013-05-23 11:25:57, 20
2013-05-23 11:25:58, 20
2013-05-23 11:25:59, 20
2013-05-23 11:26:00, 20
2013-05-23 11:26:01, 20
2013-05-23 11:26:02, 20
2013-05-23 11:26:03, 20
2013-05-23 11:26:04, 20
2013-05-23 11:26:05, 20
2013-05-23 11:26:06, 20
2013-05-23 11:26:07, 20
2013-05-23 11:26:08, 20
2013-05-23 11:26:09, 20
2013-05-23 11:26:10, 20
2013-05-23 11:26:11, 20
2013-05-23 11:26:12, 20
2013-05-23 11:26:13, 20
2013-05-23 11:26:14, 20
2013-05-23 11:26:15, 20
2013-05-23 11:26:16, 20
2013-05-23 11:26:17, 20
2013-05-23 11:26:18, 20
2013-05-23 11:26:19, 20
2013-05-23 11:26:20, 20
2013-05-23 11:26:21, 20
2013-05-23 11:26:22, 20
2013-05-23 11:26:23, 20
2013-05-23 11:26:24, 20
2013-05-23 11:26:25, 20
2013-05-23 11:26:26, 20
2013-05-23 11:26:27, 20
2013-05-23 11:26:28, 20
2013-05-23 11:26:29, 20
2013-05-23 11:26:30, 20
2013-05-23 11:26:31, 20
2013-05-23 11:26:32, 20
2013-05-23 11:26:33, 20
2013-05-23 11:26:34, 20
2013-05-23 11:26:35, 20
2013-05-23 11:26:36, 20
2013-05-23 11:26:37, 20
2013-05-23 11:26:38, 20
2013-05-23 11:26:39, 20
2013-05-23 11:26:40, 20
2013-05-23 11:26:41, 20
2013-05-23 11:26:42, 20
2013-05-23 11:26:43, 20
2013-05-23 11:26:44, 20
2013-05-23 11:26:45, 20
2013-05-23 11:26:46, 20
2013-05-23 11:26:47, 20
2013-05-23 11:26:48, 20
2013-05-23 11:26:49, 20
2013-05-23 11:26:50, 20
2013-05-23 11:26:51, 20
2013-05-23 11:26:52, 20
2013-05-23 11:26:53, 20
2013-05-23 11:26:54, 20
2013-05-23 11:26:55, 20
2013-05-23 11:26:56, 20
2013-05-23 11:26:57, 20
2013-05-23 11:26:58, 20
2013-05-23 11:26:59, 20
2013-05-23 11:27:00, 20
2013-05-23 11:27:01, 20
2013-05-23 11:27:02, 20
2013-05-23 11:27:03, 20
2013-05-23 11:27:04, 20
2013-05-23 11:27:05, 20
2013-05-23 11:27:06, 20
2013-05-23 11:27:07, 20
2013-05-23 11:27:08, 20
2013-05-23 11:27:09, 20
2013-05-23 11:27:10, 20
2013-05-23 11:27:11, 20
2013-05-23 11:27:12, 20
2013-05-23 11:27:13, 20
2013-05-23 11:27:14, 20
2013-05-23 11:27:15, 20
2013-05-23 11:27:16, 20
2013-05-23 11:27:17, 20
2013-05-23 11:27:18, 20
2013-05-23 11:27:19, 20
2013-05-23 11:27:20, 20
2013-05-23 11:27:21, 20
2013-05-23 11:27:22, 20
2013-05-23 11:27:23, 20
2013-05-23 11:27:24, 20
2013-05-23 11:27:25, 20
2013-05-23 11:27:26, 20
2013-05-23 11:27:27, 20
2013-05-23 11:27:28, 20
2013-05-23 11:27:29, 20
2013-05-23 11:27:30, 20
2013-05-23 11:27:31, 20
2013-05-23 11:27:32, 20
2013-05-23 11:27:33, 20
2013-05-23 11:27:34, 20
2013-05-23 11:27:35, 20
2013-05-23 11:27:36, 20
2013-05-23 11:27:37, 20
2013-05-23 11:27:38, 20
2013-05-23 11:27:39, 20
2013-05-23 11:27:40, 20
2013-05-23 11:27:41, 20
2013-05-23 11:27:42, 20
2013-05-23 11:27:43, 20
2013-05-23 11:27:44, 20
2013-05-23 11:27:45, 20
2013-05-23 11:27:46, 20
2013-05-23 11:27:47, 20
2013-05-23 11:27:48, 20
2013-05-23 11:27:49, 20
2013-05-23 11:27:50, 20
2013-05-23 11:27:51, 20
2013-05-23 11:27:52, 20
2013-05-23 11:27:53, 20
2013-05-23 11:27:54, 20
2013-05-23 11:27:55, 20
2013-05-23 11:27:56, 20
2013-05-23 11:27:57, 20
2013-05-23 11:27:58, 20
2013-05-23 11:27:59, 20
2013-05-23 11:28:00, 20
2013-05-23 11:28:01, 20
2013-05-23 11:28:02, 20
2013-05-23 11:28:03, 20
2013-05-23 11:28:04, 20
2013-05-23 11:28:06, 20
2013-05-23 11:28:07, 20
2013-05-23 11:28:08, 20
2013-05-23 11:28:09, 20
2013-05-23 11:28:10, 20
2013-05-23 11:28:11, 20
2013-05-23 11:28:12, 20
2013-05-23 11:28:13, 20
2013-05-23 11:28:14, 20
2013-05-23 11:28:15, 20
2013-05-23 11:28:16, 20
2013-05-23 11:28:17, 20
2013-05-23 11:28:18, 20
2013-05-23 11:28:19, 20
2013-05-23 11:28:20, 20
2013-05-23 11:28:21, 20
2013-05-23 11:28:22, 20
2013-05-23 11:28:23, 20
2013-05-23 11:28:24, 20
2013-05-23 11:28:25, 20
2013-05-23 11:28:26, 20
2013-05-23 11:28:27, 20
2013-05-23 11:28:28, 20
2013-05-23 11:28:29, 20
2013-05-23 11:28:30, 20
2013-05-23 11:28:31, 20
2013-05-23 11:28:32, 20
2013-05-23 11:28:33, 20
2013-05-23 11:28:34, 20
2013-05-23 11:28:35, 20
2013-05-23 11:28:36, 20
2013-05-23 11:28:37, 20
2013-05-23 11:28:38, 20
2013-05-23 11:28:39, 20
2013-05-23 11:28:40, 20
2013-05-23 11:28:41, 20
2013-05-23 11:28:42, 20
2013-05-23 11:28:43, 20
2013-05-23 11:28:44, 20
2013-05-23 11:28:45, 20
2013-05-23 11:28:46, 20
2013-05-23 11:28:47, 20
2013-05-23 11:28:48, 20
2013-05-23 11:28:49, 20
2013-05-23 11:28:50, 20
2013-05-23 11:28:51, 20
2013-05-23 11:28:52, 20
2013-05-23 11:28:53, 20
2013-05-23 11:28:54, 20
2013-05-23 11:28:55, 20
2013-05-23 11:28:56, 20
2013-05-23 11:28:57, 20
2013-05-23 11:28:58, 20
2013-05-23 11:28:59, 20
2013-05-23 11:29:00, 20
2013-05-23 11:29:01, 20
2013-05-23 11:29:02, 20
2013-05-23 11:29:03, 20
2013-05-23 11:29:04, 20
2013-05-23 11:29:05, 20
2013-05-23 11:29:06, 20
2013-05-23 11:29:07, 20
2013-05-23 11:29:08, 20
2013-05-23 11:29:09, 20
2013-05-23 11:29:10, 20
2013-05-23 11:29:11, 20
2013-05-23 11:29:12, 20
2013-05-23 11:29:13, 20
2013-05-23 11:29:14, 20
2013-05-23 11:29:15, 20
2013-05-23 11:29:16, 20
2013-05-23 11:29:17, 20
2013-05-23 11:29:18, 20
2013-05-23 11:29:19, 20
2013-05-23 11:29:20, 20
2013-05-23 11:29:21, 20
2013-05-23 11:29:22, 20
2013-05-23 11:29:23, 20
2013-05-23 11:29:24, 20
2013-05-23 11:29:25, 20
2013-05-23 11:29:26, 20
2013-05-23 11:29:27, 20
2013-05-23 11:29:28, 20
2013-05-23 11:29:29, 20
2013-05-23 11:29:30, 20
2013-05-23 11:29:31, 20
2013-05-23 11:29:32, 20
2013-05-23 11:29:33, 20
2013-05-23 11:29:34, 20
2013-05-23 11:29:35, 20
2013-05-23 11:29:36, 20
2013-05-23 11:29:37, 20
2013-05-23 11:29:38, 20
2013-05-23 11:29:39, 20
2013-05-23 11:29:40, 20
2013-05-23 11:29:41, 20
2013-05-23 11:29:42, 20
2013-05-23 11:29:43, 20
2013-05-23 11:29:44, 20
2013-05-23 11:29:45, 20
2013-05-23 11:29:46, 20
2013-05-23 11:29:47, 20
2013-05-23 11:29:48, 20
2013-05-23 11:29:49, 20
2013-05-23 11:29:50, 20
2013-05-23 11:29:51, 20
2013-05-23 11:29:52, 20
2013-05-23 11:29:53, 20
2013-05-23 11:29:54, 20
2013-05-23 11:29:55, 20
2013-05-23 11:29:56, 20
2013-05-23 11:29:57, 20
2013-05-23 11:29:58, 20
2013-05-23 11:29:59, 20
2013-05-23 11:30:00, 20
2013-05-23 11:30:01, 20
2013-05-23 11:30:02, 20
2013-05-23 11:30:03, 20
2013-05-23 11:30:04, 20
2013-05-23 11:30:05, 20
2013-05-23 11:30:06, 20
2013-05-23 11:30:07, 20
2013-05-23 11:30:08, 20
2013-05-23 11:30:09, 20
2013-05-23 11:30:10, 20
2013-05-23 11:30:11, 20
2013-05-23 11:30:12, 20
2013-05-23 11:30:13, 20
2013-05-23 11:30:14, 20
2013-05-23 11:30:15, 20
2013-05-23 11:30:16, 20
2013-05-23 11:30:17, 20
2013-05-23 11:30:18, 20
2013-05-23 11:30:19, 20
2013-05-23 11:30:20, 20
2013-05-23 11:30:21, 20
2013-05-23 11:30:22, 20
2013-05-23 11:30:23, 20
2013-05-23 11:30:24, 20
2013-05-23 11:30:25, 20
2013-05-23 11:30:26, 20
2013-05-23 11:30:27, 20
2013-05-23 11:30:29, 20
2013-05-23 11:30:30, 20
2013-05-23 11:30:31, 20
2013-05-23 11:30:32, 20
2013-05-23 11:30:33, 20
2013-05-23 11:30:34, 20
2013-05-23 11:30:35, 20
2013-05-23 11:30:36, 20
2013-05-23 11:30:37, 20
2013-05-23 11:30:38, 20
2013-05-23 11:30:39, 20
2013-05-23 11:30:40, 20
2013-05-23 11:30:41, 20
2013-05-23 11:30:42, 20
2013-05-23 11:30:43, 20
2013-05-23 11:30:44, 20
2013-05-23 11:30:45, 20
2013-05-23 11:30:46, 20
2013-05-23 11:30:47, 20
2013-05-23 11:30:48, 20
2013-05-23 11:30:49, 20
2013-05-23 11:30:50, 20
2013-05-23 11:30:51, 20
2013-05-23 11:30:52, 20
2013-05-23 11:30:53, 20
2013-05-23 11:30:54, 20
2013-05-23 11:30:55, 20
2013-05-23 11:30:56, 20
2013-05-23 11:30:57, 20
2013-05-23 11:30:58, 20
2013-05-23 11:30:59, 20
2013-05-23 11:31:00, 20
2013-05-23 11:31:01, 20
2013-05-23 11:31:02, 20
2013-05-23 11:31:03, 20
2013-05-23 11:31:04, 20
2013-05-23 11:31:05, 20
2013-05-23 11:31:06, 20
2013-05-23 11:31:07, 20
2013-05-23 11:31:08, 20
2013-05-23 11:31:09, 20
2013-05-23 11:31:10, 20
2013-05-23 11:31:11, 20
2013-05-23 11:31:12, 20
2013-05-23 11:31:13, 20
2013-05-23 11:31:14, 20
2013-05-23 11:31:15, 20
2013-05-23 11:31:16, 20
2013-05-23 11:31:17, 20
2013-05-23 11:31:18, 20
2013-05-23 11:31:19, 20
2013-05-23 11:31:20, 20
2013-05-23 11:31:21, 20
2013-05-23 11:31:22, 20
2013-05-23 11:31:23, 20
2013-05-23 11:31:24, 20
2013-05-23 11:31:25, 20
2013-05-23 11:31:26, 20
2013-05-23 11:31:27, 20
2013-05-23 11:31:28, 20
2013-05-23 11:31:29, 20
2013-05-23 11:31:30, 20
2013-05-23 11:31:31, 20
2013-05-23 11:31:32, 20
2013-05-23 11:31:33, 20
2013-05-23 11:31:34, 20
2013-05-23 11:31:35, 20
2013-05-23 11:31:36, 20
2013-05-23 11:31:37, 20
2013-05-23 11:31:38, 20
2013-05-23 11:31:39, 20
2013-05-23 11:31:40, 20
2013-05-23 11:31:41, 20
2013-05-23 11:31:42, 20
2013-05-23 11:31:43, 20
2013-05-23 11:31:44, 20
2013-05-23 11:31:45, 20
2013-05-23 11:31:46, 20
2013-05-23 11:31:47, 20
2013-05-23 11:31:48, 20
2013-05-23 11:31:49, 20
2013-05-23 11:31:50, 20
2013-05-23 11:31:51, 20
2013-05-23 11:31:52, 20
2013-05-23 11:31:53, 20
2013-05-23 11:31:54, 20
2013-05-23 11:31:55, 20
2013-05-23 11:31:56, 20
2013-05-23 11:31:57, 20
2013-05-23 11:31:58, 20
2013-05-23 11:31:59, 20
2013-05-23 11:32:00, 20
2013-05-23 11:32:01, 20
2013-05-23 11:32:02, 20
2013-05-23 11:32:03, 20
2013-05-23 11:32:04, 20
2013-05-23 11:32:05, 20
2013-05-23 11:32:06, 20
2013-05-23 11:32:07, 20
2013-05-23 11:32:08, 20
2013-05-23 11:32:09, 20
2013-05-23 11:32:10, 20
2013-05-23 11:32:11, 20
2013-05-23 11:32:12, 20
2013-05-23 11:32:13, 20
2013-05-23 11:32:14, 20
2013-05-23 11:32:15, 20
2013-05-23 11:32:16, 20
2013-05-23 11:32:17, 20
2013-05-23 11:32:18, 20
2013-05-23 11:32:19, 20
2013-05-23 11:32:20, 20
2013-05-23 11:32:21, 20
2013-05-23 11:32:22, 20
2013-05-23 11:32:23, 20
2013-05-23 11:32:24, 20
2013-05-23 11:32:25, 20
2013-05-23 11:32:26, 20
2013-05-23 11:32:27, 20
2013-05-23 11:32:28, 20
2013-05-23 11:32:29, 20
2013-05-23 11:32:30, 20
2013-05-23 11:32:31, 20
2013-05-23 11:32:32, 20
2013-05-23 11:32:33, 20
2013-05-23 11:32:34, 20
2013-05-23 11:32:35, 20
2013-05-23 11:32:36, 20
2013-05-23 11:32:37, 20
2013-05-23 11:32:38, 20
2013-05-23 11:32:39, 20
2013-05-23 11:32:40, 20
2013-05-23 11:32:41, 20
2013-05-23 11:32:42, 20
2013-05-23 11:32:43, 20
2013-05-23 11:32:44, 20
2013-05-23 11:32:45, 20
2013-05-23 11:32:46, 20
2013-05-23 11:32:47, 20
2013-05-23 11:32:48, 20
2013-05-23 11:32:50, 20
2013-05-23 11:32:51, 20
2013-05-23 11:32:52, 20
2013-05-23 11:32:53, 20
2013-05-23 11:32:54, 20
2013-05-23 11:32:55, 20
2013-05-23 11:32:56, 20
2013-05-23 11:32:57, 20
2013-05-23 11:32:58, 20
2013-05-23 11:32:59, 20
2013-05-23 11:33:00, 20
2013-05-23 11:33:01, 20
2013-05-23 11:33:02, 20
2013-05-23 11:33:03, 20
2013-05-23 11:33:04, 20
2013-05-23 11:33:05, 20
2013-05-23 11:33:06, 20
2013-05-23 11:33:07, 20
2013-05-23 11:33:08, 20
2013-05-23 11:33:09, 20
2013-05-23 11:33:10, 20
2013-05-23 11:33:11, 20
2013-05-23 11:33:12, 20
2013-05-23 11:33:13, 20
2013-05-23 11:33:14, 20
2013-05-23 11:33:15, 20
2013-05-23 11:33:16, 20
2013-05-23 11:33:17, 20
2013-05-23 11:33:18, 20
2013-05-23 11:33:19, 20
2013-05-23 11:33:20, 20
2013-05-23 11:33:21, 20
2013-05-23 11:33:22, 20
2013-05-23 11:33:23, 20
2013-05-23 11:33:24, 20
2013-05-23 11:33:25, 20
2013-05-23 11:33:26, 20
2013-05-23 11:33:27, 20
2013-05-23 11:33:28, 20
2013-05-23 11:33:29, 20
2013-05-23 11:33:30, 20
2013-05-23 11:33:31, 20
2013-05-23 11:33:32, 20
2013-05-23 11:33:33, 20
2013-05-23 11:33:34, 20
2013-05-23 11:33:35, 20
2013-05-23 11:33:36, 20
2013-05-23 11:33:37, 20
2013-05-23 11:33:38, 20
2013-05-23 11:33:39, 20
2013-05-23 11:33:40, 20
2013-05-23 11:33:41, 20
2013-05-23 11:33:42, 20
2013-05-23 11:33:43, 20
2013-05-23 11:33:44, 20
2013-05-23 11:33:45, 20
2013-05-23 11:33:46, 20
2013-05-23 11:33:47, 20
2013-05-23 11:33:48, 20
2013-05-23 11:33:49, 20
2013-05-23 11:33:50, 20
2013-05-23 11:33:51, 20
2013-05-23 11:33:52, 20
2013-05-23 11:33:53, 20
2013-05-23 11:33:54, 20
2013-05-23 11:33:55, 20
2013-05-23 11:33:56, 20
2013-05-23 11:33:57, 20
2013-05-23 11:33:58, 20
2013-05-23 11:33:59, 20
2013-05-23 11:34:00, 20
2013-05-23 11:34:01, 20
2013-05-23 11:34:02, 20
2013-05-23 11:34:03, 20
2013-05-23 11:34:04, 20
2013-05-23 11:34:05, 20
2013-05-23 11:34:06, 20
2013-05-23 11:34:07, 20
2013-05-23 11:34:08, 20
2013-05-23 11:34:09, 20
2013-05-23 11:34:10, 20
2013-05-23 11:34:11, 20
2013-05-23 11:34:12, 20
2013-05-23 11:34:13, 20
2013-05-23 11:34:14, 20
2013-05-23 11:34:15, 20
2013-05-23 11:34:16, 20
2013-05-23 11:34:17, 20
2013-05-23 11:34:18, 20
2013-05-23 11:34:19, 20
2013-05-23 11:34:20, 20
2013-05-23 11:34:21, 20
2013-05-23 11:34:22, 20
2013-05-23 11:34:23, 20
2013-05-23 11:34:24, 20
2013-05-23 11:34:25, 20
2013-05-23 11:34:26, 20
2013-05-23 11:34:27, 20
2013-05-23 11:34:28, 20
2013-05-23 11:34:29, 20
2013-05-23 11:34:30, 20
2013-05-23 11:34:31, 20
2013-05-23 11:34:32, 20
2013-05-23 11:34:33, 20
2013-05-23 11:34:34, 20
2013-05-23 11:34:35, 20
2013-05-23 11:34:36, 20
2013-05-23 11:34:37, 20
2013-05-23 11:34:38, 20
2013-05-23 11:34:39, 20
2013-05-23 11:34:40, 20
2013-05-23 11:34:41, 20
2013-05-23 11:34:42, 20
2013-05-23 11:34:43, 20
2013-05-23 11:34:44, 20
2013-05-23 11:34:45, 20
2013-05-23 11:34:46, 20
2013-05-23 11:34:47, 20
2013-05-23 11:34:48, 20
2013-05-23 11:34:49, 20
2013-05-23 11:34:50, 20
2013-05-23 11:34:51, 20
2013-05-23 11:34:52, 20
2013-05-23 11:34:53, 20
2013-05-23 11:34:54, 20
2013-05-23 11:34:55, 20
2013-05-23 11:34:56, 20
2013-05-23 11:34:57, 20
2013-05-23 11:34:58, 20
2013-05-23 11:34:59, 20
2013-05-23 11:35:00, 20
2013-05-23 11:35:01, 20
2013-05-23 11:35:02, 20
2013-05-23 11:35:04, 20
2013-05-23 11:35:05, 20
2013-05-23 11:35:06, 20
2013-05-23 11:35:07, 20
2013-05-23 11:35:08, 20
2013-05-23 11:35:09, 20
2013-05-23 11:35:10, 20
2013-05-23 11:35:11, 20
2013-05-23 11:35:12, 20
2013-05-23 11:35:13, 20
2013-05-23 11:35:14, 20
2013-05-23 11:35:15, 20
2013-05-23 11:35:16, 20
2013-05-23 11:35:17, 20
2013-05-23 11:35:18, 20
2013-05-23 11:35:19, 20
2013-05-23 11:35:20, 20
2013-05-23 11:35:21, 20
2013-05-23 11:35:22, 20
2013-05-23 11:35:23, 20
2013-05-23 11:35:24, 20
2013-05-23 11:35:25, 20
2013-05-23 11:35:26, 20
2013-05-23 11:35:27, 20
2013-05-23 11:35:28, 20
2013-05-23 11:35:29, 20
2013-05-23 11:35:30, 20
2013-05-23 11:35:31, 20
2013-05-23 11:35:32, 20
2013-05-23 11:35:33, 20
2013-05-23 11:35:34, 20
2013-05-23 11:35:35, 20
2013-05-23 11:35:36, 20
2013-05-23 11:35:37, 20
2013-05-23 11:35:38, 20
2013-05-23 11:35:39, 20
2013-05-23 11:35:40, 20
2013-05-23 11:35:41, 20
2013-05-23 11:35:42, 20
2013-05-23 11:35:43, 20
2013-05-23 11:35:44, 20
2013-05-23 11:35:45, 20
2013-05-23 11:35:46, 20
2013-05-23 11:35:47, 20
2013-05-23 11:35:48, 20
2013-05-23 11:35:49, 20
2013-05-23 11:35:50, 20
2013-05-23 11:35:51, 20
2013-05-23 11:35:52, 20
2013-05-23 11:35:53, 20
2013-05-23 11:35:54, 20
2013-05-23 11:35:55, 20
2013-05-23 11:35:56, 20
2013-05-23 11:35:57, 20
2013-05-23 11:35:58, 20
2013-05-23 11:35:59, 20
2013-05-23 11:36:00, 20
2013-05-23 11:36:01, 20
2013-05-23 11:36:02, 20
2013-05-23 11:36:03, 20
2013-05-23 11:36:04, 20
2013-05-23 11:36:05, 20
2013-05-23 11:36:06, 20
2013-05-23 11:36:07, 20
2013-05-23 11:36:08, 20
2013-05-23 11:36:09, 20
2013-05-23 11:36:10, 20
2013-05-23 11:36:11, 20
2013-05-23 11:36:12, 20
2013-05-23 11:36:13, 20
2013-05-23 11:36:14, 20
2013-05-23 11:36:15, 20
2013-05-23 11:36:16, 20
2013-05-23 11:36:17, 20
2013-05-23 11:36:18, 20
2013-05-23 11:36:19, 20
2013-05-23 11:36:20, 20
2013-05-23 11:36:21, 20
2013-05-23 11:36:22, 20
2013-05-23 11:36:23, 20
2013-05-23 11:36:24, 20
2013-05-23 11:36:25, 20
2013-05-23 11:36:26, 20
2013-05-23 11:36:27, 20
2013-05-23 11:36:28, 20
2013-05-23 11:36:29, 20
2013-05-23 11:36:30, 20
2013-05-23 11:36:31, 20
2013-05-23 11:36:32, 20
2013-05-23 11:36:33, 20
2013-05-23 11:36:34, 20
2013-05-23 11:36:35, 20
2013-05-23 11:36:36, 20
2013-05-23 11:36:37, 20
2013-05-23 11:36:38, 20
2013-05-23 11:36:39, 20
2013-05-23 11:36:40, 20
2013-05-23 11:36:41, 20
2013-05-23 11:36:42, 20
2013-05-23 11:36:43, 20
2013-05-23 11:36:44, 20
2013-05-23 11:36:45, 20
2013-05-23 11:36:46, 20
2013-05-23 11:36:47, 20
2013-05-23 11:36:48, 20
2013-05-23 11:36:49, 20
2013-05-23 11:36:50, 20
2013-05-23 11:36:51, 20
2013-05-23 11:36:52, 20
2013-05-23 11:36:53, 20
2013-05-23 11:36:54, 20
2013-05-23 11:36:55, 20
2013-05-23 11:36:56, 20
2013-05-23 11:36:57, 20
2013-05-23 11:36:58, 20
2013-05-23 11:36:59, 20
2013-05-23 11:37:00, 20
2013-05-23 11:37:01, 20
2013-05-23 11:37:02, 20
2013-05-23 11:37:03, 20
2013-05-23 11:37:04, 20
2013-05-23 11:37:05, 20
2013-05-23 11:37:06, 20
2013-05-23 11:37:07, 20
2013-05-23 11:37:08, 20
2013-05-23 11:37:09, 20
2013-05-23 11:37:10, 20
2013-05-23 11:37:11, 20
2013-05-23 11:37:12, 20
2013-05-23 11:37:13, 20
2013-05-23 11:37:14, 20
2013-05-23 11:37:15, 20
2013-05-23 11:37:16, 20
2013-05-23 11:37:17, 20
2013-05-23 11:37:19, 20
2013-05-23 11:37:20, 20
2013-05-23 11:37:21, 20
2013-05-23 11:37:22, 20
2013-05-23 11:37:23, 20
2013-05-23 11:37:24, 20
2013-05-23 11:37:25, 20
2013-05-23 11:37:26, 20
2013-05-23 11:37:27, 20
2013-05-23 11:37:28, 20
2013-05-23 11:37:29, 20
2013-05-23 11:37:30, 20
2013-05-23 11:37:31, 20
2013-05-23 11:37:32, 20
2013-05-23 11:37:33, 20
2013-05-23 11:37:34, 20
2013-05-23 11:37:35, 20
2013-05-23 11:37:36, 20
2013-05-23 11:37:37, 20
2013-05-23 11:37:38, 20
2013-05-23 11:37:39, 20
2013-05-23 11:37:40, 20
2013-05-23 11:37:41, 20
2013-05-23 11:37:42, 20
2013-05-23 11:37:43, 20
2013-05-23 11:37:44, 20
2013-05-23 11:37:45, 20
2013-05-23 11:37:46, 20
2013-05-23 11:37:47, 20
2013-05-23 11:37:48, 20
2013-05-23 11:37:49, 20
2013-05-23 11:37:50, 20
2013-05-23 11:37:51, 20
2013-05-23 11:37:52, 20
2013-05-23 11:37:53, 20
2013-05-23 11:37:54, 20
2013-05-23 11:37:55, 20
2013-05-23 11:37:56, 20
2013-05-23 11:37:57, 20
2013-05-23 11:37:58, 20
2013-05-23 11:37:59, 20
2013-05-23 11:38:00, 20
2013-05-23 11:38:01, 20
2013-05-23 11:38:02, 20
2013-05-23 11:38:03, 20
2013-05-23 11:38:04, 20
2013-05-23 11:38:05, 20
2013-05-23 11:38:06, 20
2013-05-23 11:38:07, 20
2013-05-23 11:38:08, 20
2013-05-23 11:38:09, 20
2013-05-23 11:38:10, 20
2013-05-23 11:38:11, 20
2013-05-23 11:38:12, 20
2013-05-23 11:38:13, 20
2013-05-23 11:38:14, 20
2013-05-23 11:38:15, 20
2013-05-23 11:38:16, 20
2013-05-23 11:38:17, 20
2013-05-23 11:38:18, 20
2013-05-23 11:38:19, 20
2013-05-23 11:38:20, 20
2013-05-23 11:38:21, 20
2013-05-23 11:38:22, 20
2013-05-23 11:38:23, 20
2013-05-23 11:38:24, 20
2013-05-23 11:38:25, 20
2013-05-23 11:38:26, 20
2013-05-23 11:38:27, 20
2013-05-23 11:38:28, 20
2013-05-23 11:38:29, 20
2013-05-23 11:38:30, 20
2013-05-23 11:38:31, 20
2013-05-23 11:38:32, 20
2013-05-23 11:38:33, 20
2013-05-23 11:38:34, 20
2013-05-23 11:38:35, 20
2013-05-23 11:38:36, 20
2013-05-23 11:38:37, 20
2013-05-23 11:38:38, 20
2013-05-23 11:38:39, 20
2013-05-23 11:38:40, 20
2013-05-23 11:38:41, 20
2013-05-23 11:38:42, 20
2013-05-23 11:38:43, 20
2013-05-23 11:38:44, 20
2013-05-23 11:38:45, 20
2013-05-23 11:38:46, 20
2013-05-23 11:38:47, 20
2013-05-23 11:38:48, 20
2013-05-23 11:38:49, 20
2013-05-23 11:38:50, 20
2013-05-23 11:38:51, 20
2013-05-23 11:38:52, 20
2013-05-23 11:38:53, 20
2013-05-23 11:38:54, 20
2013-05-23 11:38:55, 20
2013-05-23 11:38:56, 20
2013-05-23 11:38:57, 20
2013-05-23 11:38:58, 20
2013-05-23 11:38:59, 20
2013-05-23 11:39:00, 20
2013-05-23 11:39:01, 20
2013-05-23 11:39:02, 20
2013-05-23 11:39:03, 20
2013-05-23 11:39:04, 20
2013-05-23 11:39:05, 20
2013-05-23 11:39:06, 20
2013-05-23 11:39:07, 20
2013-05-23 11:39:08, 20
2013-05-23 11:39:09, 20
2013-05-23 11:39:10, 20
2013-05-23 11:39:11, 20
2013-05-23 11:39:12, 20
2013-05-23 11:39:13, 20
2013-05-23 11:39:14, 20
2013-05-23 11:39:15, 20
2013-05-23 11:39:16, 20
2013-05-23 11:39:17, 20
2013-05-23 11:39:18, 20
2013-05-23 11:39:19, 20
2013-05-23 11:39:20, 20
2013-05-23 11:39:21, 20
2013-05-23 11:39:22, 20
2013-05-23 11:39:23, 20
2013-05-23 11:39:24, 20
2013-05-23 11:39:25, 20
2013-05-23 11:39:26, 20
2013-05-23 11:39:27, 20
2013-05-23 11:39:28, 20
2013-05-23 11:39:29, 20
2013-05-23 11:39:30, 20
2013-05-23 11:39:31, 20
2013-05-23 11:39:32, 20
2013-05-23 11:39:33, 20
2013-05-23 11:39:35, 20
2013-05-23 11:39:36, 20
2013-05-23 11:39:37, 20
2013-05-23 11:39:38, 20
2013-05-23 11:39:39, 20
2013-05-23 11:39:40, 20
2013-05-23 11:39:41, 20
2013-05-23 11:39:42, 20
2013-05-23 11:39:43, 20
2013-05-23 11:39:44, 20
2013-05-23 11:39:45, 20
2013-05-23 11:39:46, 20
2013-05-23 11:39:47, 20
2013-05-23 11:39:48, 20
2013-05-23 11:39:49, 20
2013-05-23 11:39:50, 20
2013-05-23 11:39:51, 20
2013-05-23 11:39:52, 20
2013-05-23 11:39:53, 20
2013-05-23 11:39:54, 20
2013-05-23 11:39:55, 20
2013-05-23 11:39:56, 20
2013-05-23 11:39:57, 20
2013-05-23 11:39:58, 20
2013-05-23 11:39:59, 20
2013-05-23 11:40:00, 20
2013-05-23 11:40:01, 20
2013-05-23 11:40:02, 20
2013-05-23 11:40:03, 20
2013-05-23 11:40:04, 20
2013-05-23 11:40:05, 20
2013-05-23 11:40:06, 20
2013-05-23 11:40:07, 20
2013-05-23 11:40:08, 20
2013-05-23 11:40:09, 20
2013-05-23 11:40:10, 20
2013-05-23 11:40:11, 20
2013-05-23 11:40:12, 20
2013-05-23 11:40:13, 20
2013-05-23 11:40:14, 20
2013-05-23 11:40:15, 20
2013-05-23 11:40:16, 20
2013-05-23 11:40:17, 20
2013-05-23 11:40:18, 20
2013-05-23 11:40:19, 20
2013-05-23 11:40:20, 20
2013-05-23 11:40:21, 20
2013-05-23 11:40:22, 20
2013-05-23 11:40:23, 20
2013-05-23 11:40:24, 20
2013-05-23 11:40:25, 20
2013-05-23 11:40:26, 20
2013-05-23 11:40:27, 20
2013-05-23 11:40:28, 20
2013-05-23 11:40:29, 20
2013-05-23 11:40:30, 20
2013-05-23 11:40:31, 20
2013-05-23 11:40:32, 20
2013-05-23 11:40:33, 20
2013-05-23 11:40:34, 20
2013-05-23 11:40:35, 20
2013-05-23 11:40:36, 20
2013-05-23 11:40:37, 20
2013-05-23 11:40:38, 20
2013-05-23 11:40:39, 20
2013-05-23 11:40:40, 20
2013-05-23 11:40:41, 20
2013-05-23 11:40:42, 20
2013-05-23 11:40:43, 20
2013-05-23 11:40:44, 20
2013-05-23 11:40:45, 20
2013-05-23 11:40:46, 20
2013-05-23 11:40:47, 20
2013-05-23 11:40:48, 20
2013-05-23 11:40:49, 20
2013-05-23 11:40:50, 20
2013-05-23 11:40:51, 20
2013-05-23 11:40:52, 20
2013-05-23 11:40:53, 20
2013-05-23 11:40:54, 20
2013-05-23 11:40:55, 20
2013-05-23 11:40:56, 20
2013-05-23 11:40:57, 20
2013-05-23 11:40:58, 20
2013-05-23 11:40:59, 20
2013-05-23 11:41:00, 20
2013-05-23 11:41:01, 20
2013-05-23 11:41:02, 20
2013-05-23 11:41:03, 20
2013-05-23 11:41:04, 20
2013-05-23 11:41:05, 20
2013-05-23 11:41:06, 20
2013-05-23 11:41:07, 20
2013-05-23 11:41:08, 20
2013-05-23 11:41:09, 20
2013-05-23 11:41:10, 20
2013-05-23 11:41:11, 20
2013-05-23 11:41:12, 20
2013-05-23 11:41:13, 20
2013-05-23 11:41:14, 20
2013-05-23 11:41:15, 20
2013-05-23 11:41:16, 20
2013-05-23 11:41:17, 20
2013-05-23 11:41:18, 20
2013-05-23 11:41:19, 20
2013-05-23 11:41:20, 20
2013-05-23 11:41:21, 20
2013-05-23 11:41:22, 20
2013-05-23 11:41:23, 20
2013-05-23 11:41:24, 20
2013-05-23 11:41:25, 20
2013-05-23 11:41:26, 20
2013-05-23 11:41:27, 20
2013-05-23 11:41:28, 20
2013-05-23 11:41:29, 20
2013-05-23 11:41:30, 20
2013-05-23 11:41:31, 20
2013-05-23 11:41:32, 20
2013-05-23 11:41:33, 20
2013-05-23 11:41:34, 20
2013-05-23 11:41:35, 20
2013-05-23 11:41:36, 20
2013-05-23 11:41:37, 20
2013-05-23 11:41:38, 20
2013-05-23 11:41:39, 20
2013-05-23 11:41:40, 20
2013-05-23 11:41:41, 20
2013-05-23 11:41:42, 20
2013-05-23 11:41:43, 20
2013-05-23 11:41:44, 20
2013-05-23 11:41:45, 20
2013-05-23 11:41:46, 20
2013-05-23 11:41:47, 20
2013-05-23 11:41:48, 20
2013-05-23 11:41:49, 20
2013-05-23 11:41:50, 20
2013-05-23 11:41:52, 20
2013-05-23 11:41:53, 20
2013-05-23 11:41:54, 20
2013-05-23 11:41:55, 20
2013-05-23 11:41:56, 20
2013-05-23 11:41:57, 20
2013-05-23 11:41:58, 20
2013-05-23 11:41:59, 20
2013-05-23 11:42:00, 20
2013-05-23 11:42:01, 20
2013-05-23 11:42:02, 20
2013-05-23 11:42:03, 20
2013-05-23 11:42:04, 20
2013-05-23 11:42:05, 20
2013-05-23 11:42:06, 20
2013-05-23 11:42:07, 20
2013-05-23 11:42:08, 20
2013-05-23 11:42:09, 20
2013-05-23 11:42:10, 20
2013-05-23 11:42:11, 20
2013-05-23 11:42:12, 20
2013-05-23 11:42:13, 20
2013-05-23 11:42:14, 20
2013-05-23 11:42:15, 20
2013-05-23 11:42:16, 20
2013-05-23 11:42:17, 20
2013-05-23 11:42:18, 20
2013-05-23 11:42:19, 20
2013-05-23 11:42:20, 20
2013-05-23 11:42:21, 20
2013-05-23 11:42:22, 20
2013-05-23 11:42:23, 20
2013-05-23 11:42:24, 20
2013-05-23 11:42:25, 20
2013-05-23 11:42:26, 20
2013-05-23 11:42:27, 20
2013-05-23 11:42:28, 20
2013-05-23 11:42:29, 20
2013-05-23 11:42:30, 20
2013-05-23 11:42:31, 20
2013-05-23 11:42:32, 20
2013-05-23 11:42:33, 20
2013-05-23 11:42:34, 20
2013-05-23 11:42:35, 20
2013-05-23 11:42:36, 20
2013-05-23 11:42:37, 20
2013-05-23 11:42:38, 20
2013-05-23 11:42:39, 20
2013-05-23 11:42:40, 20
2013-05-23 11:42:41, 20
2013-05-23 11:42:42, 20
2013-05-23 11:42:43, 20
2013-05-23 11:42:44, 20
2013-05-23 11:42:45, 20
2013-05-23 11:42:46, 20
2013-05-23 11:42:47, 20
2013-05-23 11:42:48, 20
2013-05-23 11:42:49, 20
2013-05-23 11:42:50, 20
2013-05-23 11:42:51, 20
2013-05-23 11:42:52, 20
2013-05-23 11:42:53, 20
2013-05-23 11:42:54, 20
2013-05-23 11:42:55, 20
2013-05-23 11:42:56, 20
2013-05-23 11:42:57, 20
2013-05-23 11:42:58, 20
2013-05-23 11:42:59, 20
2013-05-23 11:43:00, 20
2013-05-23 11:43:01, 20
2013-05-23 11:43:02, 20
2013-05-23 11:43:03, 20
2013-05-23 11:43:04, 20
2013-05-23 11:43:05, 20
2013-05-23 11:43:06, 20
2013-05-23 11:43:07, 20
2013-05-23 11:43:08, 20
2013-05-23 11:43:09, 20
2013-05-23 11:43:10, 20
2013-05-23 11:43:11, 20
2013-05-23 11:43:12, 20
2013-05-23 11:43:13, 20
2013-05-23 11:43:14, 20
2013-05-23 11:43:15, 20
2013-05-23 11:43:16, 20
2013-05-23 11:43:17, 20
2013-05-23 11:43:18, 20
2013-05-23 11:43:19, 20
2013-05-23 11:43:20, 20
2013-05-23 11:43:21, 20
2013-05-23 11:43:22, 20
2013-05-23 11:43:23, 20
2013-05-23 11:43:24, 20
2013-05-23 11:43:25, 20
2013-05-23 11:43:26, 20
2013-05-23 11:43:27, 20
2013-05-23 11:43:28, 20
2013-05-23 11:43:29, 20
2013-05-23 11:43:30, 20
2013-05-23 11:43:31, 20
2013-05-23 11:43:32, 20
2013-05-23 11:43:33, 20
2013-05-23 11:43:34, 20
2013-05-23 11:43:35, 20
2013-05-23 11:43:36, 20
2013-05-23 11:43:37, 20
2013-05-23 11:43:38, 20
2013-05-23 11:43:39, 20
2013-05-23 11:43:40, 20
2013-05-23 11:43:41, 20
2013-05-23 11:43:42, 20
2013-05-23 11:43:43, 20
2013-05-23 11:43:44, 20
2013-05-23 11:43:45, 20
2013-05-23 11:43:46, 20
2013-05-23 11:43:47, 20
2013-05-23 11:43:48, 20
2013-05-23 11:43:49, 20
2013-05-23 11:43:50, 20
2013-05-23 11:43:51, 20
2013-05-23 11:43:52, 20
2013-05-23 11:43:53, 20
2013-05-23 11:43:54, 20
2013-05-23 11:43:55, 20
2013-05-23 11:43:56, 20
2013-05-23 11:43:57, 20
2013-05-23 11:43:58, 20
2013-05-23 11:43:59, 20
2013-05-23 11:44:00, 20
2013-05-23 11:44:01, 20
2013-05-23 11:44:02, 20
2013-05-23 11:44:03, 20
2013-05-23 11:44:04, 20
2013-05-23 11:44:05, 20
2013-05-23 11:44:06, 20
2013-05-23 11:44:07, 20
2013-05-23 11:44:08, 20
2013-05-23 11:44:09, 20
2013-05-23 11:44:10, 20
2013-05-23 11:44:11, 20
2013-05-23 11:44:12, 20
2013-05-23 11:44:14, 20
2013-05-23 11:44:15, 20
2013-05-23 11:44:16, 20
2013-05-23 11:44:17, 20
2013-05-23 11:44:18, 20
2013-05-23 11:44:19, 20
2013-05-23 11:44:20, 20
2013-05-23 11:44:21, 20
2013-05-23 11:44:22, 20
2013-05-23 11:44:23, 20
2013-05-23 11:44:24, 20
2013-05-23 11:44:25, 20
2013-05-23 11:44:26, 20
2013-05-23 11:44:27, 20
2013-05-23 11:44:28, 20
2013-05-23 11:44:29, 20
2013-05-23 11:44:30, 20
2013-05-23 11:44:31, 20
2013-05-23 11:44:32, 20
2013-05-23 11:44:33, 20
2013-05-23 11:44:34, 20
2013-05-23 11:44:35, 20
2013-05-23 11:44:36, 20
2013-05-23 11:44:37, 20
2013-05-23 11:44:38, 20
2013-05-23 11:44:39, 20
2013-05-23 11:44:40, 20
2013-05-23 11:44:41, 20
2013-05-23 11:44:42, 20
2013-05-23 11:44:43, 20
2013-05-23 11:44:44, 20
2013-05-23 11:44:45, 20
2013-05-23 11:44:46, 20
2013-05-23 11:44:47, 20
2013-05-23 11:44:48, 20
2013-05-23 11:44:49, 20
2013-05-23 11:44:50, 20
2013-05-23 11:44:51, 20
2013-05-23 11:44:52, 20
2013-05-23 11:44:53, 20
2013-05-23 11:44:54, 20
2013-05-23 11:44:55, 20
2013-05-23 11:44:56, 20
2013-05-23 11:44:57, 20
2013-05-23 11:44:58, 20
2013-05-23 11:44:59, 20
2013-05-23 11:45:00, 20
2013-05-23 11:45:01, 20
2013-05-23 11:45:02, 20
2013-05-23 11:45:03, 20
2013-05-23 11:45:04, 20
2013-05-23 11:45:05, 20
2013-05-23 11:45:06, 20
2013-05-23 11:45:07, 20
2013-05-23 11:45:08, 20
2013-05-23 11:45:09, 20
2013-05-23 11:45:10, 20
2013-05-23 11:45:11, 20
2013-05-23 11:45:12, 20
2013-05-23 11:45:13, 20
2013-05-23 11:45:14, 20
2013-05-23 11:45:15, 20
2013-05-23 11:45:16, 20
2013-05-23 11:45:17, 20
2013-05-23 11:45:18, 20
2013-05-23 11:45:19, 20
2013-05-23 11:45:20, 20
2013-05-23 11:45:21, 20
2013-05-23 11:45:22, 20
2013-05-23 11:45:23, 20
2013-05-23 11:45:24, 20
2013-05-23 11:45:25, 20
2013-05-23 11:45:26, 20
2013-05-23 11:45:27, 20
2013-05-23 11:45:28, 20
2013-05-23 11:45:29, 20
2013-05-23 11:45:30, 20
2013-05-23 11:45:31, 20
2013-05-23 11:45:32, 20
2013-05-23 11:45:33, 20
2013-05-23 11:45:34, 20
2013-05-23 11:45:35, 20
2013-05-23 11:45:36, 20
2013-05-23 11:45:37, 20
2013-05-23 11:45:38, 20
2013-05-23 11:45:39, 20
2013-05-23 11:45:40, 20
2013-05-23 11:45:41, 20
2013-05-23 11:45:42, 20
2013-05-23 11:45:43, 20
2013-05-23 11:45:44, 20
2013-05-23 11:45:45, 20
2013-05-23 11:45:46, 20
2013-05-23 11:45:47, 20
2013-05-23 11:45:48, 20
2013-05-23 11:45:49, 20
2013-05-23 11:45:50, 20
2013-05-23 11:45:51, 20
2013-05-23 11:45:52, 20
2013-05-23 11:45:53, 20
2013-05-23 11:45:54, 20
2013-05-23 11:45:55, 20
2013-05-23 11:45:56, 20
2013-05-23 11:45:57, 20
2013-05-23 11:45:58, 20
2013-05-23 11:45:59, 20
2013-05-23 11:46:00, 20
2013-05-23 11:46:01, 20
2013-05-23 11:46:02, 20
2013-05-23 11:46:03, 20
2013-05-23 11:46:04, 20
2013-05-23 11:46:05, 20
2013-05-23 11:46:06, 20
2013-05-23 11:46:07, 20
2013-05-23 11:46:08, 20
2013-05-23 11:46:09, 20
2013-05-23 11:46:10, 20
2013-05-23 11:46:11, 20
2013-05-23 11:46:12, 20
2013-05-23 11:46:13, 20
2013-05-23 11:46:14, 20
2013-05-23 11:46:15, 20
2013-05-23 11:46:16, 20
2013-05-23 11:46:17, 20
2013-05-23 11:46:18, 20
2013-05-23 11:46:19, 20
2013-05-23 11:46:20, 20
2013-05-23 11:46:21, 20
2013-05-23 11:46:22, 20
2013-05-23 11:46:23, 20
2013-05-23 11:46:24, 20
2013-05-23 11:46:25, 20
2013-05-23 11:46:26, 20
2013-05-23 11:46:27, 20
2013-05-23 11:46:28, 20
2013-05-23 11:46:29, 20
2013-05-23 11:46:30, 20
2013-05-23 11:46:31, 20
2013-05-23 11:46:33, 20
2013-05-23 11:46:34, 20
2013-05-23 11:46:35, 20
2013-05-23 11:46:36, 20
2013-05-23 11:46:37, 20
2013-05-23 11:46:38, 20
2013-05-23 11:46:39, 20
2013-05-23 11:46:40, 20
2013-05-23 11:46:41, 20
2013-05-23 11:46:42, 20
2013-05-23 11:46:43, 20
2013-05-23 11:46:44, 20
2013-05-23 11:46:45, 20
2013-05-23 11:46:46, 20
2013-05-23 11:46:47, 20
2013-05-23 11:46:48, 20
2013-05-23 11:46:49, 20
2013-05-23 11:46:50, 20
2013-05-23 11:46:51, 20
2013-05-23 11:46:52, 20
2013-05-23 11:46:53, 20
2013-05-23 11:46:54, 20
2013-05-23 11:46:55, 20
2013-05-23 11:46:56, 20
2013-05-23 11:46:57, 20
2013-05-23 11:46:58, 20
2013-05-23 11:46:59, 20
2013-05-23 11:47:00, 20
2013-05-23 11:47:01, 20
2013-05-23 11:47:02, 20
2013-05-23 11:47:03, 20
2013-05-23 11:47:04, 20
2013-05-23 11:47:05, 20
2013-05-23 11:47:06, 20
2013-05-23 11:47:07, 20
2013-05-23 11:47:08, 20
2013-05-23 11:47:09, 20
2013-05-23 11:47:10, 20
2013-05-23 11:47:11, 20
2013-05-23 11:47:12, 20
2013-05-23 11:47:13, 20
2013-05-23 11:47:14, 20
2013-05-23 11:47:15, 20
2013-05-23 11:47:16, 20
2013-05-23 11:47:17, 20
2013-05-23 11:47:18, 20
2013-05-23 11:47:19, 20
2013-05-23 11:47:20, 20
2013-05-23 11:47:21, 20
2013-05-23 11:47:22, 20
2013-05-23 11:47:23, 20
2013-05-23 11:47:24, 20
2013-05-23 11:47:25, 20
2013-05-23 11:47:26, 20
2013-05-23 11:47:27, 20
2013-05-23 11:47:28, 20
2013-05-23 11:47:29, 20
2013-05-23 11:47:30, 20
2013-05-23 11:47:31, 20
2013-05-23 11:47:32, 20
2013-05-23 11:47:33, 20
2013-05-23 11:47:34, 20
2013-05-23 11:47:35, 20
2013-05-23 11:47:36, 20
2013-05-23 11:47:37, 20
2013-05-23 11:47:38, 20
2013-05-23 11:47:39, 20
2013-05-23 11:47:40, 20
2013-05-23 11:47:41, 20
2013-05-23 11:47:42, 20
2013-05-23 11:47:43, 20
2013-05-23 11:47:44, 20
2013-05-23 11:47:45, 20
2013-05-23 11:47:46, 20
2013-05-23 11:47:47, 20
2013-05-23 11:47:48, 20
2013-05-23 11:47:49, 20
2013-05-23 11:47:50, 20
2013-05-23 11:47:51, 20
2013-05-23 11:47:52, 20
2013-05-23 11:47:53, 20
2013-05-23 11:47:54, 20
2013-05-23 11:47:55, 20
2013-05-23 11:47:56, 20
2013-05-23 11:47:57, 20
2013-05-23 11:47:58, 20
2013-05-23 11:47:59, 20
2013-05-23 11:48:00, 20
2013-05-23 11:48:01, 20
2013-05-23 11:48:02, 20
2013-05-23 11:48:03, 20
2013-05-23 11:48:04, 20
2013-05-23 11:48:05, 20
2013-05-23 11:48:06, 20
2013-05-23 11:48:07, 20
2013-05-23 11:48:08, 20
2013-05-23 11:48:09, 20
2013-05-23 11:48:10, 20
2013-05-23 11:48:11, 20
2013-05-23 11:48:12, 20
2013-05-23 11:48:13, 20
2013-05-23 11:48:14, 20
2013-05-23 11:48:15, 20
2013-05-23 11:48:16, 20
2013-05-23 11:48:17, 20
2013-05-23 11:48:18, 20
2013-05-23 11:48:19, 20
2013-05-23 11:48:20, 20
2013-05-23 11:48:21, 20
2013-05-23 11:48:22, 20
2013-05-23 11:48:23, 20
2013-05-23 11:48:24, 20
2013-05-23 11:48:25, 20
2013-05-23 11:48:26, 20
2013-05-23 11:48:27, 20
2013-05-23 11:48:28, 20
2013-05-23 11:48:29, 20
2013-05-23 11:48:30, 20
2013-05-23 11:48:31, 20
2013-05-23 11:48:32, 20
2013-05-23 11:48:33, 20
2013-05-23 11:48:34, 20
2013-05-23 11:48:35, 20
2013-05-23 11:48:36, 20
2013-05-23 11:48:37, 20
2013-05-23 11:48:38, 20
2013-05-23 11:48:39, 20
2013-05-23 11:48:40, 20
2013-05-23 11:48:41, 20
2013-05-23 11:48:42, 20
2013-05-23 11:48:43, 20
2013-05-23 11:48:44, 20
2013-05-23 11:48:45, 20
2013-05-23 11:48:46, 20
2013-05-23 11:48:47, 20
2013-05-23 11:48:48, 20
2013-05-23 11:48:49, 20
2013-05-23 11:48:50, 20
2013-05-23 11:48:51, 20
2013-05-23 11:48:52, 20
2013-05-23 11:48:53, 20
2013-05-23 11:48:55, 20
2013-05-23 11:48:56, 20
2013-05-23 11:48:57, 20
2013-05-23 11:48:58, 20
2013-05-23 11:48:59, 20
2013-05-23 11:49:00, 20
2013-05-23 11:49:01, 20
2013-05-23 11:49:02, 20
2013-05-23 11:49:03, 20
2013-05-23 11:49:04, 20
2013-05-23 11:49:05, 20
2013-05-23 11:49:06, 20
2013-05-23 11:49:07, 20
2013-05-23 11:49:08, 20
2013-05-23 11:49:09, 20
2013-05-23 11:49:10, 20
2013-05-23 11:49:11, 20
2013-05-23 11:49:12, 20
2013-05-23 11:49:13, 20
2013-05-23 11:49:14, 20
2013-05-23 11:49:15, 20
2013-05-23 11:49:16, 20
2013-05-23 11:49:17, 20
2013-05-23 11:49:18, 20
2013-05-23 11:49:19, 20
2013-05-23 11:49:20, 20
2013-05-23 11:49:21, 20
2013-05-23 11:49:22, 20
2013-05-23 11:49:23, 20
2013-05-23 11:49:24, 20
2013-05-23 11:49:25, 20
2013-05-23 11:49:26, 20
2013-05-23 11:49:27, 20
2013-05-23 11:49:28, 20
2013-05-23 11:49:29, 20
2013-05-23 11:49:30, 20
2013-05-23 11:49:31, 20
2013-05-23 11:49:32, 20
2013-05-23 11:49:33, 20
2013-05-23 11:49:34, 20
2013-05-23 11:49:35, 20
2013-05-23 11:49:36, 20
2013-05-23 11:49:37, 20
2013-05-23 11:49:38, 20
2013-05-23 11:49:39, 20
2013-05-23 11:49:40, 20
2013-05-23 11:49:41, 20
2013-05-23 11:49:42, 20
2013-05-23 11:49:43, 20
2013-05-23 11:49:44, 20
2013-05-23 11:49:45, 20
2013-05-23 11:49:46, 20
2013-05-23 11:49:47, 20
2013-05-23 11:49:48, 20
2013-05-23 11:49:49, 20
2013-05-23 11:49:50, 20
2013-05-23 11:49:51, 20
2013-05-23 11:49:52, 20
2013-05-23 11:49:53, 20
2013-05-23 11:49:54, 20
2013-05-23 11:49:55, 20
2013-05-23 11:49:56, 20
2013-05-23 11:49:57, 20
2013-05-23 11:49:58, 20
2013-05-23 11:49:59, 20
2013-05-23 11:50:00, 20
2013-05-23 11:50:01, 20
2013-05-23 11:50:02, 20
2013-05-23 11:50:03, 20
2013-05-23 11:50:04, 20
2013-05-23 11:50:05, 20
2013-05-23 11:50:06, 20
2013-05-23 11:50:07, 20
2013-05-23 11:50:08, 20
2013-05-23 11:50:09, 20
2013-05-23 11:50:10, 20
2013-05-23 11:50:11, 20
2013-05-23 11:50:12, 20
2013-05-23 11:50:13, 20
2013-05-23 11:50:14, 20
2013-05-23 11:50:15, 20
2013-05-23 11:50:16, 20
2013-05-23 11:50:17, 20
2013-05-23 11:50:18, 20
2013-05-23 11:50:19, 20
2013-05-23 11:50:20, 20
2013-05-23 11:50:21, 20
2013-05-23 11:50:22, 20
2013-05-23 11:50:23, 20
2013-05-23 11:50:24, 20
2013-05-23 11:50:25, 20
2013-05-23 11:50:26, 20
2013-05-23 11:50:27, 20
2013-05-23 11:50:28, 20
2013-05-23 11:50:29, 20
2013-05-23 11:50:30, 20
2013-05-23 11:50:31, 20
2013-05-23 11:50:32, 20
2013-05-23 11:50:33, 20
2013-05-23 11:50:34, 20
2013-05-23 11:50:35, 20
2013-05-23 11:50:36, 20
2013-05-23 11:50:37, 20
2013-05-23 11:50:38, 20
2013-05-23 11:50:39, 20
2013-05-23 11:50:40, 20
2013-05-23 11:50:41, 20
2013-05-23 11:50:42, 20
2013-05-23 11:50:43, 20
2013-05-23 11:50:44, 20
2013-05-23 11:50:45, 20
2013-05-23 11:50:46, 20
2013-05-23 11:50:47, 20
2013-05-23 11:50:48, 20
2013-05-23 11:50:49, 20
2013-05-23 11:50:50, 20
2013-05-23 11:50:51, 20
2013-05-23 11:50:52, 20
2013-05-23 11:50:53, 20
2013-05-23 11:50:54, 20
2013-05-23 11:50:55, 20
2013-05-23 11:50:56, 20
2013-05-23 11:50:57, 20
2013-05-23 11:50:58, 20
2013-05-23 11:50:59, 20
2013-05-23 11:51:00, 20
2013-05-23 11:51:01, 20
2013-05-23 11:51:02, 20
2013-05-23 11:51:03, 20
2013-05-23 11:51:04, 20
2013-05-23 11:51:05, 20
2013-05-23 11:51:06, 20
2013-05-23 11:51:07, 20
2013-05-23 11:51:08, 20
2013-05-23 11:51:09, 20
2013-05-23 11:51:10, 20
2013-05-23 11:51:11, 20
2013-05-23 11:51:12, 20
2013-05-23 11:51:13, 20
2013-05-23 11:51:14, 20
2013-05-23 11:51:15, 20
2013-05-23 11:51:17, 20
2013-05-23 11:51:18, 20
2013-05-23 11:51:19, 20
2013-05-23 11:51:20, 20
2013-05-23 11:51:21, 20
2013-05-23 11:51:22, 20
2013-05-23 11:51:23, 20
2013-05-23 11:51:24, 20
2013-05-23 11:51:25, 20
2013-05-23 11:51:26, 20
2013-05-23 11:51:27, 20
2013-05-23 11:51:28, 20
2013-05-23 11:51:29, 20
2013-05-23 11:51:30, 20
2013-05-23 11:51:31, 20
2013-05-23 11:51:32, 20
2013-05-23 11:51:33, 20
2013-05-23 11:51:34, 20
2013-05-23 11:51:35, 20
2013-05-23 11:51:36, 20
2013-05-23 11:51:37, 20
2013-05-23 11:51:38, 20
2013-05-23 11:51:39, 20
2013-05-23 11:51:40, 20
2013-05-23 11:51:41, 20
2013-05-23 11:51:42, 20
2013-05-23 11:51:43, 20
2013-05-23 11:51:44, 20
2013-05-23 11:51:45, 20
2013-05-23 11:51:46, 20
2013-05-23 11:51:47, 20
2013-05-23 11:51:48, 20
2013-05-23 11:51:49, 20
2013-05-23 11:51:50, 20
2013-05-23 11:51:51, 20
2013-05-23 11:51:52, 20
2013-05-23 11:51:53, 20
2013-05-23 11:51:54, 20
2013-05-23 11:51:55, 20
2013-05-23 11:51:56, 20
2013-05-23 11:51:57, 20
2013-05-23 11:51:58, 20
2013-05-23 11:51:59, 20
2013-05-23 11:52:00, 20
2013-05-23 11:52:01, 20
2013-05-23 11:52:02, 20
2013-05-23 11:52:03, 20
2013-05-23 11:52:04, 20
2013-05-23 11:52:05, 20
2013-05-23 11:52:06, 20
2013-05-23 11:52:07, 20
2013-05-23 11:52:08, 20
2013-05-23 11:52:09, 20
2013-05-23 11:52:10, 20
2013-05-23 11:52:11, 20
2013-05-23 11:52:12, 20
2013-05-23 11:52:13, 20
2013-05-23 11:52:14, 20
2013-05-23 11:52:15, 20
2013-05-23 11:52:16, 20
2013-05-23 11:52:17, 20
2013-05-23 11:52:18, 20
2013-05-23 11:52:19, 20
2013-05-23 11:52:20, 20
2013-05-23 11:52:21, 20
2013-05-23 11:52:22, 20
2013-05-23 11:52:23, 20
2013-05-23 11:52:24, 20
2013-05-23 11:52:25, 20
2013-05-23 11:52:26, 20
2013-05-23 11:52:27, 20
2013-05-23 11:52:28, 20
2013-05-23 11:52:29, 20
2013-05-23 11:52:30, 20
2013-05-23 11:52:31, 20
2013-05-23 11:52:32, 20
2013-05-23 11:52:33, 20
2013-05-23 11:52:34, 20
2013-05-23 11:52:35, 20
2013-05-23 11:52:36, 20
2013-05-23 11:52:37, 20
2013-05-23 11:52:38, 20
2013-05-23 11:52:39, 20
2013-05-23 11:52:40, 20
2013-05-23 11:52:41, 20
2013-05-23 11:52:42, 20
2013-05-23 11:52:43, 20
2013-05-23 11:52:44, 20
2013-05-23 11:52:45, 20
2013-05-23 11:52:46, 20
2013-05-23 11:52:47, 20
2013-05-23 11:52:48, 20
2013-05-23 11:52:49, 20
2013-05-23 11:52:50, 20
2013-05-23 11:52:51, 20
2013-05-23 11:52:52, 20
2013-05-23 11:52:53, 20
2013-05-23 11:52:54, 20
2013-05-23 11:52:55, 20
2013-05-23 11:52:56, 20
2013-05-23 11:52:57, 20
2013-05-23 11:52:58, 20
2013-05-23 11:52:59, 20
2013-05-23 11:53:00, 20
2013-05-23 11:53:01, 20
2013-05-23 11:53:02, 20
2013-05-23 11:53:03, 20
2013-05-23 11:53:04, 20
2013-05-23 11:53:05, 20
2013-05-23 11:53:06, 20
2013-05-23 11:53:07, 20
2013-05-23 11:53:08, 20
2013-05-23 11:53:09, 20
2013-05-23 11:53:10, 20
2013-05-23 11:53:11, 20
2013-05-23 11:53:12, 20
2013-05-23 11:53:13, 20
2013-05-23 11:53:14, 20
2013-05-23 11:53:15, 20
2013-05-23 11:53:16, 20
2013-05-23 11:53:17, 20
2013-05-23 11:53:18, 20
2013-05-23 11:53:19, 20
2013-05-23 11:53:20, 20
2013-05-23 11:53:21, 20
2013-05-23 11:53:22, 20
2013-05-23 11:53:23, 20
2013-05-23 11:53:24, 20
2013-05-23 11:53:25, 20
2013-05-23 11:53:26, 20
2013-05-23 11:53:27, 20
2013-05-23 11:53:28, 20
2013-05-23 11:53:29, 20
2013-05-23 11:53:30, 20
2013-05-23 11:53:31, 20
2013-05-23 11:53:32, 20
2013-05-23 11:53:33, 20
2013-05-23 11:53:34, 20
2013-05-23 11:53:35, 20
2013-05-23 11:53:36, 20
2013-05-23 11:53:38, 20
2013-05-23 11:53:39, 20
2013-05-23 11:53:40, 20
2013-05-23 11:53:41, 20
2013-05-23 11:53:42, 20
2013-05-23 11:53:43, 20
2013-05-23 11:53:44, 20
2013-05-23 11:53:45, 20
2013-05-23 11:53:46, 20
2013-05-23 11:53:47, 20
2013-05-23 11:53:48, 20
2013-05-23 11:53:49, 20
2013-05-23 11:53:50, 20
2013-05-23 11:53:51, 20
2013-05-23 11:53:52, 20
2013-05-23 11:53:53, 20
2013-05-23 11:53:54, 20
2013-05-23 11:53:55, 20
2013-05-23 11:53:56, 20
2013-05-23 11:53:57, 20
2013-05-23 11:53:58, 20
2013-05-23 11:53:59, 20
2013-05-23 11:54:00, 20
2013-05-23 11:54:01, 20
2013-05-23 11:54:02, 20
2013-05-23 11:54:03, 20
2013-05-23 11:54:04, 20
2013-05-23 11:54:05, 20
2013-05-23 11:54:06, 20
2013-05-23 11:54:07, 20
2013-05-23 11:54:08, 20
2013-05-23 11:54:09, 20
2013-05-23 11:54:10, 20
2013-05-23 11:54:11, 20
2013-05-23 11:54:12, 20
2013-05-23 11:54:13, 20
2013-05-23 11:54:14, 20
2013-05-23 11:54:15, 20
2013-05-23 11:54:16, 20
2013-05-23 11:54:17, 20
2013-05-23 11:54:18, 20
2013-05-23 11:54:19, 20
2013-05-23 11:54:20, 20
2013-05-23 11:54:21, 20
2013-05-23 11:54:22, 20
2013-05-23 11:54:23, 20
2013-05-23 11:54:24, 20
2013-05-23 11:54:25, 20
2013-05-23 11:54:26, 20
2013-05-23 11:54:27, 20
2013-05-23 11:54:28, 20
2013-05-23 11:54:29, 20
2013-05-23 11:54:30, 20
2013-05-23 11:54:31, 20
2013-05-23 11:54:32, 20
2013-05-23 11:54:33, 20
2013-05-23 11:54:34, 20
2013-05-23 11:54:35, 20
2013-05-23 11:54:36, 20
2013-05-23 11:54:37, 20
2013-05-23 11:54:38, 20
2013-05-23 11:54:39, 20
2013-05-23 11:54:40, 20
2013-05-23 11:54:41, 20
2013-05-23 11:54:42, 20
2013-05-23 11:54:43, 20
2013-05-23 11:54:44, 20
2013-05-23 11:54:45, 20
2013-05-23 11:54:46, 20
2013-05-23 11:54:47, 20
2013-05-23 11:54:48, 20
2013-05-23 11:54:49, 20
2013-05-23 11:54:50, 20
2013-05-23 11:54:51, 20
2013-05-23 11:54:52, 20
2013-05-23 11:54:53, 20
2013-05-23 11:54:54, 20
2013-05-23 11:54:55, 20
2013-05-23 11:54:56, 20
2013-05-23 11:54:57, 20
2013-05-23 11:54:58, 20
2013-05-23 11:54:59, 20
2013-05-23 11:55:00, 20
2013-05-23 11:55:01, 20
2013-05-23 11:55:02, 20
2013-05-23 11:55:03, 20
2013-05-23 11:55:04, 20
2013-05-23 11:55:05, 20
2013-05-23 11:55:06, 20
2013-05-23 11:55:07, 20
2013-05-23 11:55:08, 20
2013-05-23 11:55:09, 20
2013-05-23 11:55:10, 20
2013-05-23 11:55:11, 20
2013-05-23 11:55:12, 20
2013-05-23 11:55:13, 20
2013-05-23 11:55:14, 20
2013-05-23 11:55:15, 20
2013-05-23 11:55:16, 20
2013-05-23 11:55:17, 20
2013-05-23 11:55:18, 20
2013-05-23 11:55:19, 20
2013-05-23 11:55:20, 20
2013-05-23 11:55:21, 20
2013-05-23 11:55:22, 20
2013-05-23 11:55:23, 20
2013-05-23 11:55:24, 20
2013-05-23 11:55:25, 20
2013-05-23 11:55:26, 20
2013-05-23 11:55:27, 20
2013-05-23 11:55:28, 20
2013-05-23 11:55:29, 20
2013-05-23 11:55:30, 20
2013-05-23 11:55:31, 20
2013-05-23 11:55:32, 20
2013-05-23 11:55:33, 20
2013-05-23 11:55:34, 20
2013-05-23 11:55:35, 20
2013-05-23 11:55:36, 20
2013-05-23 11:55:37, 20
2013-05-23 11:55:38, 20
2013-05-23 11:55:39, 20
2013-05-23 11:55:40, 20
2013-05-23 11:55:41, 20
2013-05-23 11:55:42, 20
2013-05-23 11:55:43, 20
2013-05-23 11:55:44, 20
2013-05-23 11:55:45, 20
2013-05-23 11:55:46, 20
2013-05-23 11:55:47, 20
2013-05-23 11:55:48, 20
2013-05-23 11:55:49, 20
2013-05-23 11:55:50, 20
2013-05-23 11:55:51, 20
2013-05-23 11:55:52, 20
2013-05-23 11:55:53, 20
2013-05-23 11:55:54, 20
2013-05-23 11:55:55, 20
2013-05-23 11:55:56, 20
2013-05-23 11:55:58, 20
2013-05-23 11:55:59, 20
2013-05-23 11:56:00, 20
2013-05-23 11:56:01, 20
2013-05-23 11:56:02, 20
2013-05-23 11:56:03, 20
2013-05-23 11:56:04, 20
2013-05-23 11:56:05, 20
2013-05-23 11:56:06, 20
2013-05-23 11:56:07, 20
2013-05-23 11:56:08, 20
2013-05-23 11:56:09, 20
2013-05-23 11:56:10, 20
2013-05-23 11:56:11, 20
2013-05-23 11:56:12, 20
2013-05-23 11:56:13, 20
2013-05-23 11:56:14, 20
2013-05-23 11:56:15, 20
2013-05-23 11:56:16, 20
2013-05-23 11:56:17, 20
2013-05-23 11:56:18, 20
2013-05-23 11:56:19, 20
2013-05-23 11:56:20, 20
2013-05-23 11:56:21, 20
2013-05-23 11:56:22, 20
2013-05-23 11:56:23, 20
2013-05-23 11:56:24, 20
2013-05-23 11:56:25, 20
2013-05-23 11:56:26, 20
2013-05-23 11:56:27, 20
2013-05-23 11:56:28, 20
2013-05-23 11:56:29, 20
2013-05-23 11:56:30, 20
2013-05-23 11:56:31, 20
2013-05-23 11:56:32, 20
2013-05-23 11:56:33, 20
2013-05-23 11:56:34, 20
2013-05-23 11:56:35, 20
2013-05-23 11:56:36, 20
2013-05-23 11:56:37, 20
2013-05-23 11:56:38, 20
2013-05-23 11:56:39, 20
2013-05-23 11:56:40, 20
2013-05-23 11:56:41, 20
2013-05-23 11:56:42, 20
2013-05-23 11:56:43, 20
2013-05-23 11:56:44, 20
2013-05-23 11:56:45, 20
2013-05-23 11:56:46, 20
2013-05-23 11:56:47, 20
2013-05-23 11:56:48, 20
2013-05-23 11:56:49, 20
2013-05-23 11:56:50, 20
2013-05-23 11:56:51, 20
2013-05-23 11:56:52, 20
2013-05-23 11:56:53, 20
2013-05-23 11:56:54, 20
2013-05-23 11:56:55, 20
2013-05-23 11:56:56, 20
2013-05-23 11:56:57, 20
2013-05-23 11:56:58, 20
2013-05-23 11:56:59, 20
2013-05-23 11:57:00, 20
2013-05-23 11:57:01, 20
2013-05-23 11:57:02, 20
2013-05-23 11:57:03, 20
2013-05-23 11:57:04, 20
2013-05-23 11:57:05, 20
2013-05-23 11:57:06, 20
2013-05-23 11:57:07, 20
2013-05-23 11:57:08, 20
2013-05-23 11:57:09, 20
2013-05-23 11:57:10, 20
2013-05-23 11:57:11, 20
2013-05-23 11:57:12, 20
2013-05-23 11:57:13, 20
2013-05-23 11:57:14, 20
2013-05-23 11:57:15, 20
2013-05-23 11:57:16, 20
2013-05-23 11:57:17, 20
2013-05-23 11:57:18, 20
2013-05-23 11:57:19, 20
2013-05-23 11:57:20, 20
2013-05-23 11:57:21, 20
2013-05-23 11:57:22, 20
2013-05-23 11:57:23, 20
2013-05-23 11:57:24, 20
2013-05-23 11:57:25, 20
2013-05-23 11:57:26, 20
2013-05-23 11:57:27, 20
2013-05-23 11:57:28, 20
2013-05-23 11:57:29, 20
2013-05-23 11:57:30, 20
2013-05-23 11:57:31, 20
2013-05-23 11:57:32, 20
2013-05-23 11:57:33, 20
2013-05-23 11:57:34, 20
2013-05-23 11:57:35, 20
2013-05-23 11:57:36, 20
2013-05-23 11:57:37, 20
2013-05-23 11:57:38, 20
2013-05-23 11:57:39, 20
2013-05-23 11:57:40, 20
2013-05-23 11:57:41, 20
2013-05-23 11:57:42, 20
2013-05-23 11:57:43, 20
2013-05-23 11:57:44, 20
2013-05-23 11:57:45, 20
2013-05-23 11:57:46, 20
2013-05-23 11:57:47, 20
2013-05-23 11:57:48, 20
2013-05-23 11:57:49, 20
2013-05-23 11:57:50, 20
2013-05-23 11:57:51, 20
2013-05-23 11:57:52, 20
2013-05-23 11:57:53, 20
2013-05-23 11:57:54, 20
2013-05-23 11:57:55, 20
2013-05-23 11:57:56, 20
2013-05-23 11:57:57, 20
2013-05-23 11:57:58, 20
2013-05-23 11:57:59, 20
2013-05-23 11:58:00, 20
2013-05-23 11:58:01, 20
2013-05-23 11:58:02, 20
2013-05-23 11:58:03, 20
2013-05-23 11:58:04, 20
2013-05-23 11:58:05, 20
2013-05-23 11:58:06, 20
2013-05-23 11:58:07, 20
2013-05-23 11:58:08, 20
2013-05-23 11:58:09, 20
2013-05-23 11:58:10, 20
2013-05-23 11:58:11, 20
2013-05-23 11:58:12, 20
2013-05-23 11:58:13, 20
2013-05-23 11:58:14, 20
2013-05-23 11:58:15, 20
2013-05-23 11:58:16, 20
2013-05-23 11:58:17, 20
2013-05-23 11:58:18, 20
2013-05-23 11:58:20, 20
2013-05-23 11:58:21, 20
2013-05-23 11:58:22, 20
2013-05-23 11:58:23, 20
2013-05-23 11:58:24, 20
2013-05-23 11:58:25, 20
2013-05-23 11:58:26, 20
2013-05-23 11:58:27, 20
2013-05-23 11:58:28, 20
2013-05-23 11:58:29, 20
2013-05-23 11:58:30, 20
2013-05-23 11:58:31, 20
2013-05-23 11:58:32, 20
2013-05-23 11:58:33, 20
2013-05-23 11:58:34, 20
2013-05-23 11:58:35, 20
2013-05-23 11:58:36, 20
2013-05-23 11:58:37, 20
2013-05-23 11:58:38, 20
2013-05-23 11:58:39, 20
2013-05-23 11:58:40, 20
2013-05-23 11:58:41, 20
2013-05-23 11:58:42, 20
2013-05-23 11:58:43, 20
2013-05-23 11:58:44, 20
2013-05-23 11:58:45, 20
2013-05-23 11:58:46, 20
2013-05-23 11:58:47, 20
2013-05-23 11:58:48, 20
2013-05-23 11:58:49, 20
2013-05-23 11:58:50, 20
2013-05-23 11:58:51, 20
2013-05-23 11:58:52, 20
2013-05-23 11:58:53, 20
2013-05-23 11:58:54, 20
2013-05-23 11:58:55, 20
2013-05-23 11:58:56, 20
2013-05-23 11:58:57, 20
2013-05-23 11:58:58, 20
2013-05-23 11:58:59, 20
